	406	9575	1407	1408	1460	8553	4862	85457	6097	79365	5528	5529	8864	5187	1454	5501	1457	1459	9975	2146	79176	5499	5500	5518	5519	2932	23291	4841	11091	1453	5515	6096	4783	51655	5566	56938	1628	6095	5516	8863	8914	5536	5578	8945	9572	26224	190	196	207	367	2033	2034	3091	3320	8850	3131	266743	546	760	1050	1054	1108	1111	1387	1390	7008	1642	1649	1786	1788	1789	1810	1822	1876	3065	3066	5371	5914	7409	8726	23512	23649	5252	2770	2771	2782	3054	4163	4221	4297	4609	4654	10538	90993	10488	4830	4831	5111	5430	5829	6421	6688	7414	55269	4842	6256	8202	9737	5469	5705	5929	10499	55885	8648	83714	6667	6774	7329	8450	8451	11277	54962	9070	9410	9611	9612	10002	9722	57727	23178	29915	51514	83743
1	0.5904937433310699	0.5187976513890107	0.8168773918519595	0.6521309078398487	0.457120855961741	0.4159230990640478	0.0013743815283122594	0.5306087667871019	1.0	0.22950819672130796	0.4768627450980393	0.44474147065626063	0.7324391378508296	0.2855562261114464	0.44422310756972094	0.11121122359801708	0.48805633133281795	0.1075953369732486	0.15000462841659512	0.3254319003615911	0.3646276595744681	0.45195726628466804	0.14986398267861048	0.10644083570543118	0.48125031207869357	0.626910182080871	0.08103503961192346	0.1414067390341834	0.410454477276136	0.6009537084586606	0.5098490270251843	0.27972027972028174	0.42758519192432737	0.4333333333333324	0.5359477124183009	0.05531914893617066	0.019075905756458216	0.5866909593792184	0.06715218008133927	0.0918402056011187	0.06177606177606154	0.7795130914101976	0.2304797742238946	0.4763739085772987	0.00015383668697310936	0.23869529394659036	0.3389830508474573	0.20547409260964908	0.5433417396034221	0.1919486581096848	0.277494635193133	0.626723230906197	0.627195149337525	0.8001497805757688	0.0	0.3720489819165598	0.43478260869565205	0.8257302921168465	0.47544457753616515	0.2541840197439457	0.918638864014328	0.46367133530192617	0.34497816593886593	0.43449958076072887	0.536855824730538	0.3850328477577835	0.9550455357719553	0.12187640587297048	0.42190163934426217	0.33129637712789134	0.32865069059142965	0.3499424791486912	0.08496732026143816	0.4408507425119557	0.7761858897182758	0.4469725413631699	0.34013372192696717	0.10726643598615901	0.19080996884735196	0.1765370847202162	0.7377652115946028	0.6589537223340043	0.22764227642276424	0.0	0.4253156691742669	0.7039977317833859	0.3483599264487812	0.41249294803485237	0.34676024819448675	0.1680835037124718	0.18574538787670453	0.33333333333333426	0.23144104803493493	0.23076923076923328	0.0644387831560015	0.6079804108961565	0.30309416377919174	0.6498735827440444	0.10868800562785791	0.39807412250720725	0.7530222555312978	0.17857142857142874	1.0	0.3343180699162974	0.051460361613351734	0.2201323580633925	0.47296859825186127	0.2079459002535923	0.3859225583947328	0.4256166553518893	0.5245283018867926	0.2539997629770089	0.5454545454545451	0.25100903325004814	0.23946599916562397	0.4204003388168161	0.3275879782198094	0.40427286975171217	0.2317168338907471	0.49075333651972514	0.3196761530912659	0.20015702695629412	0.19839023527330638	0.29558235772645275	0.25659201708805734	0.21425027289868018	0.351351351351351	0.1133231240428787	0.31019202363367804	0.0217391304347827	0.47725990294549137	0.21218074656188485	0.8361028511457057
2	0.7766029682801435	0.5957190430286566	1.0	0.6258117232185094	0.336683688633109	0.4512967355810745	0.027212754260582752	0.5619162860454018	0.563836948905711	0.4590163934426206	0.4756078431372549	0.3843865811087746	0.26488602884168094	0.3068799034399517	0.9741035856573703	0.38543221525301813	0.4806286766890486	0.2020996268735374	0.13930278787574504	0.34471675371635185	0.45079787234042545	0.43873989488225335	0.030064236751782453	0.18303504887793462	0.5660857841913417	0.5241632244799673	0.5876813567479588	0.4879005786347883	0.07327133643317854	0.8414643092949897	0.7799304774562936	0.0	0.45018262579773366	0.5999999999999991	0.037879608565341616	0.038297872340425754	0.014754952828749958	0.7643387369984597	0.2587723446514707	0.029592955138138248	0.11196911196911216	0.5213137344970142	0.18626528692380062	0.20159219311761672	0.0002461386991569741	0.6408908059904037	0.4237288135593216	0.17168078117485955	0.26722049151955696	0.23667833527810186	0.10099248927038636	0.47653573259233284	0.5850662474736134	0.7697892674503235	0.16880925364821658	0.19958707105225681	0.565217391304348	0.9427326486150013	0.47811664977425605	0.11168954702041232	0.8454969937316106	0.6388806111667976	0.39737991266375566	0.4325634575806083	0.8096282350994067	0.29688660382747795	0.22539668869894716	0.1403623573677969	0.35462295081967193	0.0523788738542118	0.17624837681501596	0.35569456427955115	0.026143790849673103	0.4545683362698211	0.48055622441608453	0.4349578233335836	0.6855820332590432	0.13148788927335633	0.5202492211838006	0.2833008855115243	0.7458566075902809	0.22334004024144902	0.05253283302063793	0.33548387096774196	0.38009009608769934	0.6481023937786063	0.3190580698736583	0.5152009026515388	0.2664021971315229	0.1363391800279781	0.6294259195599864	0.4509803921568655	0.29257641921397387	0.07692307692307776	0.331368533226768	1.0	0.5475119721904853	0.9439813534547465	0.0	0.24742176122685572	0.6508276581185439	0.21428571428571416	0.6715319271470737	0.1953060889545379	0.17246175243393577	0.19738331591779884	0.30414373583684035	0.17159763313609455	0.1740711710299422	0.5722410801840536	0.4552135054617676	0.21472801611756362	0.4848484848484857	0.2342494714587739	0.18189403420942846	0.3155305901059545	0.43492417237645914	0.30842200775385625	0.6225752508361202	0.27247325269311357	0.32801766437683993	0.49798482072755823	0.7569432159915087	0.29087822303964905	0.22892906353238035	0.17257120174655144	0.5135135135135137	0.10872894333843793	0.7001477104874448	0.1552795031055903	0.7086671933190386	0.3045186640471515	0.33312926359979006
3	0.6518964012028324	0.7882635176583999	0.8525020588092816	0.5068593299789275	0.39010699521763803	0.3334342401715085	0.007971412864211101	0.27796714159111063	0.7094398725047054	0.3770491803278664	0.43372549019607853	0.41648154821775313	0.13250116297100326	0.2885737276201971	0.7270916334661343	0.12803269940216097	0.5785845861310828	0.019647110904989728	0.10757538435469674	0.2808356769787063	0.8768617021276597	0.5611620170182853	0.17049028284418277	0.0	0.3848304788535478	0.49343360438624123	0.3158314704224633	0.3759294035023432	0.26421178941052925	0.5509353679113791	0.4939849367821964	0.18181818181818046	0.5534565109776166	0.5	0.20216300148051866	0.13617021276595748	0.010567525818964611	1.0	0.3471578549134591	0.026210363203446854	0.10424710424710379	0.8740468534680759	0.2953904045155222	0.0	0.00021537136176235397	0.7476615131100661	0.508474576271186	0.28218148622103406	0.5087771349453593	0.2469856087125631	0.13237660944206014	0.35817573582971385	0.20595104423983832	0.7988000304735913	0.15933698258914264	0.257667663391713	0.47826086956521785	0.7672291138677694	0.5554224638348844	0.30085737055889766	0.8485032621210181	0.5273074526589551	0.3558951965065494	0.3908072261605305	0.9056002648074979	0.2862259134752708	0.5532327168600772	0.07831990511635521	0.22321311475409844	0.00611086861632462	0.23468303624129386	0.545261719873454	0.058823529411764594	0.7194815001258493	0.3109800144473873	0.34662461515356285	0.3096176924395679	0.06920415224913497	0.5295950155763236	0.138290523142624	0.9153621589315676	1.0	0.227016885553471	0.3879456706281834	0.24898475467678588	0.8894244400340232	0.14057773296162288	0.6316993668902402	0.3006815176482554	0.15732271602281292	0.4407012719147474	0.3921568627450985	0.15720524017467283	0.0	0.31676573921441264	0.8728291665017275	0.6096158988445738	0.9868447043021372	0.0029897995075625137	0.14102297381638768	0.4031004594480107	0.21428571428571416	0.48808581095673437	0.050713934022649	0.13351877607788631	0.30157175200278663	0.2159274846228553	0.1597633136094673	0.005486753409626082	0.5957154710718863	0.38814961933134734	0.3370466935292723	0.5454545454545451	0.22167980011531807	0.0	0.5879957796501867	0.4152145222346034	0.05305617421430306	0.49509476031215205	0.2364425162689803	0.3231108930323846	0.3909447788537032	0.6181673447726868	0.12598592296537328	0.10483036450465089	0.084251265257517	0.5945945945945941	0.08728943338437964	0.051698670605613006	0.38819875776397544	0.7154948651393745	0.2278978388998031	0.11273395137309783
4	0.9215248811717917	0.6755542897204453	0.9881993896236013	0.4388250978368384	0.32739590932425483	0.4323543715819877	0.07930181418361736	0.3497170904628809	0.7974500941102118	0.508196721311475	0.40376470588235297	0.26138007820694176	0.05791595596216468	0.37054918527459263	0.3844621513944222	0.2616725574057032	0.5451304296155438	0.1625945991525604	0.09252283221440706	0.2535154680594616	0.25824468085106383	0.5238885392229787	0.21559316941586018	0.030911794323688842	0.9387826434313675	0.27273232444847856	0.0	0.5104200064123122	0.39410529473526323	0.804372386472013	0.36214770132569835	0.39860139860139987	0.49175173594851695	0.6333333333333329	0.14913516050987646	0.05957446808510598	0.006702729961114813	0.9397987070715935	0.21734607017875743	0.03649041913904534	0.12741312741312671	0.41988975654570593	0.19379115710254022	0.4029275808936833	0.0031998030890406765	0.7668298357000919	0.47457627118644097	0.43598751293943144	0.1731197151757899	0.24212368728121336	0.0	0.32956538160628057	0.5832697058163037	0.555412823728003	0.2627297929733121	0.1528833831695856	0.6086956521739122	0.8194722333377794	0.7537086519856261	0.0663273175998766	0.6255596776256873	0.21480237314767167	0.46506550218340686	0.28782681606829796	0.9205784388770512	0.20960165227517413	0.3866126983443493	0.07795182201136969	0.25468852459016406	0.03077258838934956	0.32593554479990555	0.6926229508196722	0.11764705882352966	0.3223005285678328	0.5960149289670117	0.3193912542865009	0.5880336019201097	0.15916955017301024	0.058411214953271014	0.39791496577278157	0.7010321127278583	0.14084507042253502	0.17636022514071295	0.28268251273344663	0.0	0.60354813884726	0.09733673408861764	1.0	0.07557725561997791	0.2754761648552675	0.6235819869370919	0.4705882352941193	0.2489082969432315	0.5384615384615389	0.17679870789416713	0.6810832819666013	0.4429645032265543	0.8461264962667404	0.01969750263805847	0.23425565429310213	0.38192023200495284	0.24999999999999958	0.4441004967244979	0.2642376497620219	0.12795549374130724	0.23704719609892025	0.0	0.1775147928994083	0.16093431572346786	0.482884513841744	0.5300893743793444	0.20806174448921552	0.4848484848484857	0.10697674418604662	0.22110972048393834	0.7246073142823175	0.49246465460695316	0.18346943825785658	0.8113154960981048	0.17993308577521222	0.33979391560353295	0.4449620518188957	0.18167344772687058	0.2042584798217381	0.2512187968635002	0.0	0.5135135135135137	0.11638591117917299	0.056129985228951226	0.1645962732919256	0.5278185306398827	0.3202357563850698	0.2245933181738677
5	0.8024832670482103	0.6372360003505391	0.7165818921668363	0.4938287532791467	0.47096133581908084	0.3402280825384852	0.15530511269928532	0.4778785193264707	0.7148941431849094	0.4754098360655728	0.5118431372549019	0.23187228709585425	0.08958753295084512	0.2944075638704486	0.5398406374501986	0.22798706873216365	0.6389268524570675	0.3806522334886269	0.06198940327942928	0.3732422659702692	0.4946808510638297	0.6157398703602286	0.119064958476345	0.4799089696189741	0.641933389923603	0.5344990460666458	0.300531325400394	0.4181895906807739	0.6046947652617367	0.6458807130804783	0.3692533142487131	0.1468531468531475	0.5939419076033877	0.3333333333333333	0.35135232730292887	1.0	0.005082796236060267	0.6792959503609152	0.2617516315142344	0.02585131713216673	0.0	0.6602664216812122	0.15380997177798691	0.2889060092449916	0.00246138699156975	0.5437406097029028	0.0	0.0	0.4258517529545568	0.2629327110073901	0.3830472103004292	0.5521083443494216	0.3991690994834945	0.4213975399762249	0.12139386609143078	0.21245906307845652	0.15217391304347883	0.6451136009959538	0.59882060259836	0.4696256876960254	0.7868747601381605	0.7477853330804867	0.0	0.6511776812257033	1.0	0.20033397051391907	0.8350593149180789	0.0	0.12367213114754101	0.20995198603230011	0.8447644906150396	0.0998705780845557	0.8366013071895425	0.35829348099672803	0.5124608716590414	0.28677630096868617	0.7344419681124633	0.003460207612456552	0.15887850467289696	0.3422093826540227	0.8646530124359237	0.27364185110664035	0.4212007504690431	0.4628183361629881	0.6706610744957063	0.6360322410790235	0.5555489649445401	0.5460728389644581	0.3245854948631882	0.6365005918433229	0.704709522172568	0.03921568627451041	0.2532751091703061	0.07692307692307776	0.07073280383635536	0.8880186390549277	0.5484992922336435	0.6352960929166831	0.23091804431938104	0.33138169821975244	0.4617045195346867	0.023809523809524172	0.5554135771362751	0.1457410142786804	0.0	0.575724921630094	0.8405632890903202	0.2273879966187657	0.5233108637717514	0.5901184280003017	0.7321416749420723	0.20375088883621711	0.0	0.2950221026330962	0.5260742594910305	0.7067005483482681	0.7385270711333443	0.3495504413099064	0.37725752508361216	0.0	0.2870461236506379	0.44820727558230833	0.4807182027242173	0.2573833692922576	0.4198692940662161	0.2940359233898978	0.02702702702702744	0.38437978560490005	0.549483013293944	0.3012422360248446	0.5812549373659858	0.0	0.5419800594717507
6	0.9887282956639829	0.9823963719218299	0.8492854720728575	0.13206898034662193	0.2414147145443247	0.5754667354818219	0.5860362836723474	0.6807723771218215	0.32588236910437296	0.47540983606557047	0.5275294117647059	0.4327952796140216	0.11966971623507525	0.2581975457654395	0.330677290836653	0.2836874221765056	0.7238695109632177	0.4495014440204906	0.014682278812677783	0.2559260747288068	0.26515957446808514	0.563180997065531	0.25888684599834777	0.3177738273112963	0.6194137913816349	0.4919332431881749	0.4852349800832141	0.4233041725827877	0.6706164691765409	0.47474139828332557	0.5226459462222687	0.4755244755244754	0.4080515901154624	0.5999999999999991	0.9543205864297837	0.14042553191489401	0.0012932357938929173	0.5487957912143794	0.20377376335950093	0.017517668846139298	0.10038610038610014	0.5672944418925128	0.15569143932267168	0.1366204417051873	0.003169035751646052	0.13752241554790876	0.45762711864406785	0.3272473856235787	0.34975028432972366	0.23920653442240356	0.7199570815450644	0.5227358566919362	0.544733887267011	0.4168523750954097	0.28054381392951666	0.25399401964972235	0.456521739130435	0.9680538882219554	0.32848060444116833	0.3568821019075532	0.6234488934373804	0.7643106764554495	0.46069868995633345	0.583794496531748	0.8311438442600909	0.11835299804451477	0.5352982969836587	0.39855220645372375	0.390688524590164	0.10759493670886061	1.0	0.5339732528041415	0.15032679738562116	0.32670526050843185	0.490428605827113	0.5664188631073064	0.45979770272586973	0.12802768166089953	0.01635514018691562	0.6149908936758149	0.9304415787416965	0.12676056338028144	0.7057535959974984	0.3998302207130731	0.1234937753811331	1.0	0.685983747553236	0.5716166238325081	0.31665140880887016	0.6263854514150435	0.4900882319239144	0.3921568627450985	0.14410480349345023	0.6153846153846166	0.014586143163993965	0.7240616853189168	0.4810361624665048	0.3745901315529569	0.19134716848399588	0.5052753588730053	0.9294372576493205	0.24999999999999958	0.41208336332877393	0.2950927293615625	1.0	0.32065264716126785	0.24231142764648744	0.28571428571428586	0.7001097350681931	0.3448744059742025	1.0	0.4465809433515053	0.4848484848484857	0.2869882759946186	0.344180225281602	0.3842598784420372	0.6399314034630187	0.4884929472902743	0.1778149386845039	0.38262436118974963	0.33709519136408245	0.14415074587804233	0.31319653281443477	0.3116400806423089	0.6183574879227058	0.2837153914855611	0.648648648648649	0.3981623277182237	0.446085672082718	0.09937888198757752	0.6766166346913441	0.34577603143418506	0.4925660311352107
7	0.7951692695702783	1.0	0.7455214842803856	0.16513998193781448	0.09189159979465551	0.14077000188579997	0.7355689939527214	0.629985002385984	0.2377759764793163	0.06557377049180194	0.372078431372549	0.42862137405401324	0.09346410296169952	0.2289277811305572	0.7051792828685259	0.2794337156513201	0.5620209162754767	0.20346986529502292	0.0032383226618259192	0.379268782643632	0.3202127659574468	0.3260284945928937	0.5241679756769027	0.4591871975802786	0.5912018774654219	0.4819864041343288	0.6732823750688693	0.5601001542008284	0.5583470826458676	0.746680360941971	0.6570902770677856	0.26573426573426556	0.5799472860334748	0.4666666666666662	0.8232766403062147	0.012765957446808382	9.150253258676304e-05	0.31965038981754873	0.0	0.0070297441324313125	0.8262548262548257	0.0	0.0	0.2642526964560861	0.0	0.0	0.18644067796610175	0.5169496360657607	0.22345843841170945	0.13243873978996493	0.3487124463519315	0.32162030916988166	0.32360206602290575	0.4314154935212476	0.20915888394285848	0.2599174142104513	0.3043478260869561	0.8998599439775912	0.5715470376854326	0.21282585222890638	0.40188051682231013	0.7582423536423484	0.09606986899563427	0.29624209162283716	0.4839563895152784	0.04979676136488476	0.3915215191508602	0.36477035704061184	0.06399999999999972	0.06481885639458734	0.7093613504899069	0.46940609721023857	0.0	0.4929524288950414	0.07422345292559578	0.5191860028534954	0.6884964855134577	0.04844290657439443	0.32242990654205583	0.5966212397161339	0.48290922465117336	0.19215291750503052	0.3483427141963728	0.5432937181663837	0.2951867385660074	0.2161691441532663	0.5333056527670681	0.2586974236820661	0.23191943851083305	0.4041751856235876	0.09751346396241553	0.23529411764705685	0.06986899563318813	0.15384615384615552	0.16412741229165642	0.7175696843914879	0.6430295765930352	0.48301268123098784	0.35736897643334514	0.5320830980473744	0.6919335918407244	0.11904761904761917	0.448779785472608	0.44624979484654514	0.06258692628650905	0.2754811041448972	0.31531239883457424	0.41758241758241743	0.4811412447092018	0.2587010635890474	0.7952333664349552	0.4169975112585924	0.1818181818181824	0.20073034787622543	0.30037546933667086	0.41583820010996686	0.39100026079328576	0.33186504990513865	0.37023411371237475	0.31236442516268964	0.3864082433758588	0.5847160429207016	0.11064921280735905	0.7502210589608461	0.5358887948160321	0.19152525553240055	0.4864864864864863	0.10413476263399671	0.8995568685376664	0.08695652173913059	1.0	0.2691552062868367	0.585709288088158
8	1.0	0.7395824204714749	0.5267645206607566	0.0	0.1709289130258572	0.0	0.48653106102253985	0.2796032449383053	0.12428043469300835	0.7704918032786874	0.4704313725490197	0.3539805397032008	0.0041479299116142	0.3049688191510762	0.7470119521912344	0.23505982258176783	0.33007011705983685	0.1132870965701877	0.0	0.3483326637203697	0.26063829787234033	0.5426397142366703	0.5782385348664809	0.48949188033722	0.4378089579068256	0.12601181765980723	0.6672091800870134	0.48335089085329613	0.1685915704214787	0.5377888636196909	0.6809630917084148	0.8321678321678327	0.6541615937278408	0.8999999999999986	0.8597118405373199	0.2808510638297874	0.0	0.15862336417483433	0.1911472618935027	0.02048452322461166	0.16602316602316533	0.19843821773082215	0.416274694261524	0.0665125834617361	0.003507476462986895	0.1679106286046623	0.745762711864407	0.6206851581667171	0.12540177026158328	0.009334889148191167	0.16228540772532188	0.0	0.0	0.4458487637831909	0.12070391567642151	0.0	0.6956521739130439	0.5973722822462317	0.6328204183175159	0.06413568821019074	0.281309965459895	0.3474521171403029	0.6419213973799139	0.0969128744568945	0.6958023874050937	0.0	0.0	0.397366160893215	0.2813114754098361	0.039938891313836565	0.3932239405028923	1.0	0.12418300653594759	0.0	0.527570431013725	0.519886861405221	0.21104063089319386	0.17647058823529396	0.42834890965732075	0.5315267223513155	0.34609107417879215	0.2344064386317913	0.19199499687304566	0.6906621392190152	0.4528992743492444	0.0	0.1259268046740615	0.42333730332852765	0.42020140372291703	0.158075971161089	0.0006875214850464338	0.6862745098039224	0.6288209606986901	0.7692307692307667	0.44079790865344554	0.8089779622581762	0.5134382111555947	0.5830699640500928	0.11501934576151958	0.20489196659434697	0.5397455114210303	1.0	0.19653012742063206	0.521746266207123	0.5006954102920724	0.0	0.06725477500809324	0.19019442096365177	0.18062392224486637	0.0	0.5810658722277391	0.2743985541597537	0.787878787878789	0.09425331539496458	0.25949103045473515	0.17789368879378264	0.18209693607403388	0.27041161428689225	0.4127090301003348	0.3577337402110372	0.3608930323846907	0.30363779115414824	0.28657350079603755	1.0	0.054202566528877616	0.10509080083358142	0.7837837837837843	0.0	0.26440177252584945	0.16149068322981355	0.8801489673851707	0.46758349705304536	1.0
9	0.7783684159472305	0.9795372885811937	0.44784188344717335	0.43891110824409757	0.17850774094188196	0.01548340992327772	1.0	0.4892971572704342	0.11929328039347682	0.11475409836065398	0.8558431372549021	0.6662112663177655	0.08644751124205304	0.25407362703681347	0.0	0.2937339035878082	0.8746063343038798	0.7457048295634205	0.15211487259302722	0.30815588589795107	0.47367021276595744	0.35021538511840045	0.12122033499776277	0.9735088503778994	0.6072801717681131	1.0	1.0	0.7436144063268152	0.7550622468876553	0.6360061624238874	0.9051221756466616	0.013986013986016175	1.0	0.0	1.0	0.0	0.0023743212714920814	0.908931596258044	0.019956492953750037	0.0	0.04247104247104224	1.0	0.33725305738476025	0.25706214689265516	0.09820934096363301	0.293558862017157	0.23728813559322107	0.6432303341022277	0.35019532215793886	0.0669000388953713	0.6091738197424892	0.43578519977338354	0.38596451830226775	0.5925613772146661	0.3203281836431876	0.28549053111206035	0.0	0.834544929082744	0.5477748088086244	0.48515990539359344	0.3550275041576048	0.7829220057974158	0.08515283842794931	0.8121655613994971	0.2474501934336018	0.07186957572561685	0.7217043081361554	0.23945850885444364	1.0	0.46573548668703607	0.7171526384134105	0.13556945642795526	0.607843137254902	0.4072489302793858	0.527931615699494	0.6422868013316312	0.9118806788959367	0.0	0.10436137071651069	0.10820825221377917	0.7938073236328528	0.15191146881287773	0.5978736710444027	0.5183361629881154	1.0	0.8672283203045893	0.977756687822528	0.524760233184981	1.0	1.0	0.47656697605133497	0.0	0.14410480349345023	0.0	0.463293204788784	0.6712152143547868	0.7945383250339857	0.16913246158100578	0.702075272599367	0.8734508277112376	0.6235458959236208	0.0	0.5865308473112085	0.3920892827835222	0.041724617524339376	0.6179575931731106	0.689624473939786	0.14961961115807262	0.9881172597585826	0.4527268612808326	0.7321416749420723	0.6262147428300548	0.3030303030303033	0.7313857389967326	0.10304547350855238	0.7701841201908073	0.6688162355674627	0.3688195991091311	0.2345039018952064	0.07989264311187919	0.2814033366045141	0.36503533106516617	0.0	0.37926643794432846	0.6705125863948516	0.8451920214349511	0.0	0.026033690658499066	1.0	0.3354037267080747	0.7463040288906442	0.08251473477406629	0.4799720132936852
10	0.4546318750606266	0.8614385242310052	0.17760015501622825	0.4211069539414269	0.1687336197346735	0.11197185195478052	0.4512094557449148	0.33732701615652066	0.08485031667742866	0.0	0.6958431372549021	0.5504445532146066	0.021204837959373567	0.0	0.22509960159362524	0.5970541148810125	1.0	1.0	0.35402993879507405	0.7464845319405383	0.25478723404255316	0.2045545574183212	0.022344069938702298	1.0	1.0	0.8446107396225018	0.7935113706168814	1.0	1.0	0.2505905656224789	0.732201888014177	0.13286713286713428	0.4978125041809936	0.1999999999999981	0.946827718195934	0.00425531914893653	0.026609614272768374	0.7693838651022743	0.003972382483684687	0.036169167391057876	0.06949806949806937	0.6921910886541112	1.0	0.24319465844889498	0.35960863946834043	0.2142441719575436	0.20338983050847487	0.2415333327899451	0.36260693270039046	1.0	0.6518240343347641	0.49390293252758544	0.62555580507523	0.34904671802776455	0.5004426489108343	0.3812758080592339	0.4130434782608691	0.9939420212529461	0.3626647010043305	0.7504241863334875	0.36494179352692824	1.0	0.061135371179039576	1.0	0.3848397707760102	0.23740469755893923	0.8355545029818935	0.08621324281215487	0.6207213114754099	1.0	0.7631920670522961	0.3135605406960022	0.7058823529411765	0.04039768436949397	0.45473151938357814	1.0	1.0	0.07612456747404832	0.16199376947040503	0.36440997299503874	1.0	0.17404426559356187	0.9803001876172608	0.407809847198642	0.5764374320395887	0.8854550609583217	1.0	0.6025825863473955	0.3828705116468315	0.8012482513720004	0.03907413773347087	0.09803921568627462	0.0	0.07692307692307776	0.3264065804152721	0.4895918748197454	0.0764742950852781	0.0	1.0	0.8544000951050617	0.8503779855974457	0.08333333333333376	0.4566985818155639	0.5870671262104054	0.01529902642559142	0.9977577499129223	0.6695532534800905	1.0	0.6418560902962847	1.0	0.5246607083747103	1.0	0.3939393939393934	1.0	0.2707551105548605	1.0	0.9968941890514238	0.7155324589623032	0.2379598662207361	0.10195227765726689	0.2929342492639843	0.43234755299659766	0.5169821333805059	0.27138966505146245	1.0	1.0	0.4324324324324333	0.1715160796324654	0.45937961595273263	0.1335403726708076	0.6525222886807358	0.41650294695481227	0.14159524225992628
11	0.36251818799107577	0.8223862939269129	0.017952816935522933	0.14148711994151295	0.0	0.03718003434140918	0.04947773501924134	0.10355170768286862	0.031200626485498765	0.3606557377049165	0.0	0.09703792552590641	0.0	0.10309796821565077	0.24900398406374422	0.5905382098856142	0.9208212014974146	0.11162172987330589	0.47718661305025195	1.0	0.2992021276595744	0.0	0.22965863407911563	0.17092553613040928	0.4745094122934037	0.2746957600903923	0.5648767945689552	0.9013572726301172	0.2127643617819111	0.0	0.37702348089834026	0.21678321678321644	0.27858127182478626	0.5	0.24071064890044427	0.11063829787234072	0.06418597652519471	0.6279117413557819	0.12390050127683726	0.03652821346233795	0.10038610038610014	0.11497473587505745	0.2295390404515524	1.0	0.23244723401636824	0.43406193961130224	0.45762711864406785	0.19765745351993286	0.0	0.039673278879813034	0.4416577253218885	0.08868400464024594	0.1294183696384462	0.446018380941931	0.24952098322090444	0.18099102947458354	0.5434782608695651	0.8523965141612199	0.48346079425043775	0.3026698030747083	0.4942752974286806	0.47874732479072435	0.2554585152838433	0.44739690525192466	0.7604526553158041	0.2512688682354492	0.17359571124076895	0.01848595149482636	0.08419672131147511	0.14338716717590558	0.23775233148388628	0.0	1.0	0.6326453561540396	0.4986756561521791	0.4317288678631322	0.24224241385221992	0.06574394463667817	0.17990654205607468	0.38915405388431845	0.6541847688665151	0.20824949698189166	0.2920575359599751	0.48658743633276735	0.3117191487473091	0.36627647940378333	0.2758763864997925	0.492039114900019	0.0	0.4868180350801678	0.18918299530193655	0.31372549019607765	0.11353711790393048	0.3076923076923056	0.7563647867858871	0.9290573592033161	1.0	0.7057539604155965	0.23918396060499472	0.5897999821678014	0.1966747042914401	0.17857142857142874	0.30077028291699653	0.4211390119809617	0.17524339360222568	0.21470088819226749	0.3955163483327936	0.32375316990701597	0.37325599623765504	0.35472580523497027	0.6147633234028467	0.4559285375681444	0.5151515151515165	0.2959830866807612	0.9094701710471425	0.722705184788909	0.466069212957475	0.19072836756578357	0.6085841694537347	0.1453729916541048	0.31378802747791956	1.0	0.1630107907305855	0.3059102323771797	0.39531627847779044	0.22784558896496968	0.5675675675675687	0.12251148545176113	0.02954209748892172	0.0900621118012422	0.7643042545988037	0.24361493123772054	0.0
12	0.26388592491997287	0.5892012093593902	0.01837911156324176	0.3607706532490431	0.44657669341547107	0.33007950135479835	0.007284222100054971	0.0	0.03600917746300852	0.4918032786885227	0.8274509803921568	0.1328496049312324	0.02132113505969919	0.2776101388050694	0.15936254980079612	0.521647499207264	0.5675025254025784	0.2471910112359553	0.5696937557168789	0.25070309361189236	0.25824468085106383	0.6143175929180391	0.45144034668904737	0.7469835280089289	0.6825285864083487	0.17174504973419535	0.5885236246651506	0.7514007847448052	0.6646917654117291	0.6456312816374447	0.792250281157346	0.3636363636363639	0.19093426809199524	0.5	0.6537031018668978	0.10638297872340419	0.15222429100787668	0.2099709877694972	0.5637472808096097	0.028553611247590618	0.10038610038610014	0.26922370234267345	0.5526810912511758	0.860811504879301	0.5430127376776814	0.7775408326467309	0.45762711864406785	0.2235118635226227	0.19181130396083648	0.0	0.14766630901287556	0.24333639085979442	0.7870199865259373	0.38603811211310884	0.4050299879050858	0.08587498220133837	0.43478260869565205	0.4259703881552619	0.37104947940661576	0.1635045503624865	0.0	0.4145423021699674	0.4235807860262021	0.33254058998399266	0.8902497051947786	0.21507261661503307	0.2856804529894288	0.1294016604637847	0.16996721311475407	0.10824967263203814	0.12525085586117346	0.6517112453264308	0.06535947712418298	0.27246413289705484	0.6330363592583673	0.3537833846461913	0.37887879307388966	0.1211072664359862	0.17757009345794375	0.5856308484582051	0.6431970208951109	0.548289738430584	0.20168855534709193	0.2174872665534804	0.6682866209528883	0.46668556847178866	0.2152559463787888	0.3521594684385382	0.24127759129284893	0.09727752071451627	0.05213704594935259	0.37254901960784464	0.19213973799126657	0.3076923076923056	0.6356627870189988	0.6398296698014512	0.5036061490591475	0.8323391142891002	0.13577207175518816	0.6582459060243114	0.0	0.17857142857142874	0.25599308905046425	0.4119481372066307	0.10431154381084844	0.37865726227795204	0.03682421495629652	0.169061707523246	0.17839786800438953	0.6316662895074301	0.7263157894736841	0.5696699454847122	0.5151515151515165	0.22871420334422438	0.33458489778890305	0.4287964572838185	0.4049803614752998	0.3955126618823722	0.8939799331103679	0.25644325159013204	0.3204121687929341	0.8652708714996076	1.0	0.3639161037031796	0.07308354223041216	0.12335020343356155	0.4594594594594588	0.10413476263399671	0.03840472673559815	0.31677018633540366	0.6037693262611442	0.41453831041257266	0.12524051075739023
13	0.10487923173925696	0.39331566032775395	0.0	0.4043779297294972	0.5794155791521439	0.5632388117475411	0.011132490379329294	0.009782534596768866	0.053663428909008486	0.6885245901639332	0.3549803921568627	0.5347708923874633	0.05621026515738874	0.30034198350432506	0.34661354581673176	0.5860254139629848	0.4762166498306491	0.3499799734384551	0.7222887284719791	0.4688629971876256	0.26170212765957446	1.0	0.5243051360009923	0.507178094542176	0.8830578718729716	0.3343767944134701	0.5917977037116781	0.4535794439609771	0.5582720863956803	1.0	0.6070783491803836	0.4335664335664358	0.06078161165594102	0.733333333333332	0.6420756147762974	0.20425531914893594	0.4299365107983155	0.3007174398993168	1.0	0.051475868324577644	0.32046332046332027	0.7605879650895732	0.27469426152398857	0.8834103749357981	0.6899575410743954	1.0	0.6271186440677965	0.28330629977096183	0.42812639074321324	0.19739401011279661	0.26917918454935613	0.4331143604823698	0.6825735459240962	0.1557823399789081	0.7310149336857894	0.21352698277089552	0.6304347826086951	0.4902961184473789	0.453883718787432	0.346110339863232	0.030830241780734187	0.24485953458131277	0.5633187772925778	0.35046878573061974	0.525911827378613	0.3553226550655857	0.46229035244472183	0.12371682139789779	0.35527868852459027	0.13662156263640313	0.0	0.7280701754385966	0.14379084967320277	0.497860558771709	0.5875872862990608	0.1398963730569948	0.24309960569175385	0.15916955017301024	0.19236760124610577	0.3614268667964581	0.678734799898857	0.24446680080482938	0.23796122576610387	0.904074702886248	0.38743536826221064	0.4668880878123855	0.2493030428851059	0.5317181721306339	0.05146984030108841	0.18626923490799527	0.2037355334020855	0.6274509803921581	0.8034934497816595	0.6153846153846166	0.4140399953377626	0.4722817573642928	0.24919172521088048	0.6581795915142418	0.11220541681322548	1.0	0.034857766626478735	0.3928571428571429	0.40882585846951247	0.667815526013458	0.22531293463143245	0.492260971786834	0.1962609258659759	0.18343195266272183	0.005580812039504753	0.32328581126951783	0.7132737504137703	0.5936981512206684	0.6666666666666681	0.3348452815683261	0.17104714226116005	0.3506456838006928	0.5065632976915844	0.48864142538975514	0.8139910813823863	0.5919702930254788	0.3505888125613347	0.5402774142894531	0.6443481337343004	0.42178049729423833	0.17197624937054198	0.1351592735933314	0.6756756756756764	0.15467075038284833	0.06056129985228944	0.19875776397515527	0.5667531881277509	0.4616895874263258	0.3969739373797444
14	0.003686099524687169	0.3391793006747875	0.013651116601269182	0.9172149830129446	0.36341222879684415	0.7987454467857037	0.005497526113249038	0.32256800054536783	0.0	0.5409836065573748	0.5498039215686276	0.8420209018002659	0.1358737788804466	0.8379601689800844	0.41832669322709126	0.7209955220071312	0.737120446847703	0.9807112591437058	0.7801172636801089	0.42507030936118917	0.2574468085106382	0.33569834639812335	0.3094206282595988	0.6202244495097661	0.9009836720427422	0.7675736751440163	0.7123053442849273	0.668300279393579	0.8006599670016498	0.3687036901181132	0.6398459598541391	0.2867132867132854	0.02061731533387741	0.6333333333333329	0.9149965695302064	0.14893617021276587	0.8146036686415399	0.716324044297615	0.19819351177527644	0.6472844778714238	0.11969111969111945	0.6298116674322465	0.2869238005644402	0.23240883410374893	1.0	0.3806038869771726	0.5762711864406784	0.08361114054463793	0.11506700291747034	0.3086347724620769	1.0	0.5562697277902178	0.6144846171120593	0.04333574662454665	0.6419863921827784	0.8086857468318379	0.565217391304348	0.885454181672669	0.0	1.0	0.3672444671869002	0.578468290304229	0.37991266375545907	0.980455827425871	0.2377061050540995	0.841223386724672	0.7279910435550198	0.04228865895055416	0.24760655737704923	0.6798341335661282	0.0397827883366781	0.4095484613172274	0.14379084967320277	0.325824314120312	0.2544546111244882	0.5726765287477157	0.5803188753643065	0.13494809688581313	0.04906542056074774	0.04283112478804261	0.8684688412293404	0.23038229376257538	1.0	0.5125636672325976	0.9989126334243171	0.6601725464781892	0.5567352749273387	0.6753902087381685	0.30627606550706943	0.6243409017540084	0.23960123753867313	0.4901960784313731	0.20960698689956375	0.4615384615384611	0.033235093328004825	0.0	0.0450539566663736	0.06867024848891866	0.9250791417516707	0.8373406247213723	1.0	0.22619047619047541	0.27562810452811154	0.4103069095683571	0.1515994436717661	1.0	1.0	0.08622147083685537	0.6081517479228717	0.37418722184506303	0.5404170804369415	0.8915175397013511	0.6060606060606066	0.670420911012877	0.9983312473925742	0.8796160076085182	0.866900590341165	1.0	0.10891861761426984	0.2924739880142653	0.33635917566241397	0.0	0.4163276136564655	0.2710713401478443	0.6980095290270104	0.8278257417882305	0.648648648648649	1.0	0.045790251107828576	0.1118012422360249	0.7697776774630399	0.37721021611002076	0.26771033758964474
15	0.003123484334077022	0.21474892647445445	0.03776582861018262	0.894766266718273	0.20218313474372468	0.6991851359264737	0.0	0.4149907969186719	0.02985423221179605	0.47540983606557047	0.6856470588235296	0.8638370885932969	0.2419755000775315	0.42757996378998187	0.46215139442230957	0.85009551504652	0.7277467466872655	0.586630689124523	0.9852424113579773	0.6846122940940137	0.21489361702127655	0.3437333965456641	0.45699860553670507	0.31272425865134007	0.42757277675138544	0.7268231240854283	0.5753893114301459	0.5099772515610929	0.46587670616469196	0.5198297997212245	0.0	1.0	0.049543101026183055	0.4333333333333324	0.2057920774202869	0.08085106382978682	0.7801824492720127	0.619153194089261	0.2714934266527947	0.4562908651120603	0.0772200772200772	0.6334864492420763	0.2775164628410159	0.452747817154596	0.7390314442188174	0.40970774972132	0.2711864406779661	0.41843879139599155	0.2771596696830341	0.1524698560871254	0.43790236051502157	0.6652143415976476	0.6163260723108015	0.029791289440181935	0.7588540172986362	0.733788979068774	0.21739130434782603	1.0	0.24122362480420156	0.9088706360224177	0.7623448893437381	0.30391731910167175	0.18777292576419208	0.6269227837487614	0.2530566646668185	0.9261485729352054	0.769371541757272	0.07500715717148582	0.12301639344262291	0.7800087298123091	0.03931058906858696	0.25787316652286457	0.026143790849673103	0.20601560533601793	0.24012761858897183	0.14705514254962324	0.2629864563689353	0.041522491349480835	0.0	0.24759781448219575	0.8519642323517919	0.5181086519114702	0.4287054409005629	0.5258064516129034	0.531522535117502	0.5581838065535263	0.31834628388397884	0.7232808876073464	0.25317872037432615	0.6696438179274723	1.0	0.25490196078431343	0.11790393013100446	0.15384615384615552	0.03236924921324736	0.23431146901313715	0.3782819509294456	0.3518350254809779	0.5777347871966234	0.6203524831337119	0.8405943497670177	0.10714285714285623	0.30312792455546755	0.32545544066962073	0.08066759388038962	0.9469588122605367	0.5983327937843961	0.1665257819103972	0.5235930396613891	0.061567473787433095	0.5404832836809004	0.8593712965157624	0.4242424242424242	0.5548337497597541	0.5481852315394243	0.5068134872869392	1.0	0.38648849294729015	0.595986622073579	0.7667928967976763	0.30053974484789014	0.14043444124574717	0.3183265522731292	0.20952852544830763	0.6665504590202037	0.22635705070953652	0.27027027027027056	0.551301684532925	0.0	0.21118012422360263	0.8268818417785799	0.2003929273084491	0.350795871960818
16	0.007081191192162191	0.028349837875733964	0.07235382454100661	1.0	0.19740752749182677	0.9687205343761477	0.007696536558548645	0.856943213579658	0.07406542377072829	0.8360655737704916	0.5734901960784315	1.0	0.5940068227632193	1.0	0.6155378486055778	0.8829766664862064	0.5413423257472221	0.738410945042899	1.0	0.42024909602249894	0.0	0.20504499791562786	1.0	0.19682048038157188	0.28097068956908183	0.5135495582269808	0.2805195463152361	0.5896120551458803	0.5016499175041248	0.5688504144963692	0.250332276863306	0.741258741258741	0.036551917905355696	1.0	0.4700646372729574	0.3404255319148934	1.0	0.598771461916417	0.057315804407452875	1.0	0.18532818532818518	0.13013321084060636	0.5451552210724366	0.15434001027221345	0.2850901482985663	0.28951194688120974	0.8305084745762713	0.3854198081296307	0.33555852247441026	0.2854920264488526	0.5902628755364807	0.9271521838832391	0.4876038625645633	0.04798296928731558	1.0	1.0	0.8260869565217382	0.9338624338624335	0.20344605178291714	0.589175536017276	0.6253677881540236	0.4092054289816596	0.74235807860262	0.6241786721548899	0.0	1.0	0.5600792300902104	0.12428939511676414	0.1261639344262295	0.2804452204277607	0.04674772754102234	0.6140350877192982	0.18300653594771266	0.2802668009061164	0.0	0.31323371129633776	0.23795645465455129	0.19377162629757771	0.20716510903426782	0.45566162155372697	0.954370962922097	0.7012072434607651	0.8295809881175735	0.3356536502546689	0.7060337749373098	0.35339624934181196	0.567708642268225	0.6085689212060429	0.27189502593835796	0.49790164640051654	0.2004125128910279	0.7647058823529431	0.3406113537117908	0.8461538461538445	0.0	0.04620178360373911	0.0	0.20176391577450317	0.4045022863172705	0.6255238208458406	0.989817198344684	0.38095238095238165	0.24114534590742215	0.7364188412932874	0.24200278164116884	0.6945968303726925	0.24870508255098736	0.19611158072696527	1.0	0.1302104548540394	0.21370407149950343	0.9236045271391329	0.8787878787878791	0.23790121083990023	0.2194409678765123	0.4729318056855839	0.352592522345243	0.4252247793450463	0.5416387959866225	1.0	0.36972522080471043	0.3277676001046847	0.20139748805943752	0.2900293566300004	0.6633353808013902	0.27766200258013296	0.8918918918918921	0.18836140888208247	0.06942392909896608	0.19254658385093157	0.7109807019523752	0.5186640471512777	0.4689522476823508
17	0.004054709477155882	0.0	0.04641767185002179	0.5036769449103341	0.6212274729134581	0.5862157950631743	0.0061847168774051674	0.3267775581157545	0.04364790415870966	0.7049180327868831	0.7968627450980392	0.8946303995869124	0.3007830671421926	0.6339770669885334	1.0	1.0	0.5115128646978425	0.4862659948984968	0.8937284170658348	0.3374849337083167	0.2611702127659575	0.5380704436034298	0.0	0.8303068639961027	0.4392070704548858	0.5708781743753127	0.5987638293425873	0.38099818317837003	0.919754012299385	0.8922456166092002	0.8568142316736537	0.587412587412587	0.0	0.7666666666666657	0.28424150507348445	0.31489361702127605	0.8486344772053636	0.16824532712844784	0.2999148775182067	0.22217392947579273	0.14671814671814656	0.5009646302250808	0.33772342427093144	0.09758602978941919	0.24949233893298878	0.4033344642078224	0.728813559322034	0.7913389356655557	0.3366463927211589	0.21334111240762346	0.15571351931330474	0.6741778401273372	0.6267460139231975	0.0	0.945232068562783	0.5539940196497223	0.7173913043478253	0.37804010493086104	0.4671519395558832	0.3135122628412771	0.4293526928489187	0.22111451250237055	0.7270742358078617	0.3914017836725361	0.17539359083104059	0.7474479818952827	0.3819407066118372	0.14048505173612535	0.1609180327868854	0.04103011785246608	0.047692126077204626	0.5800977854472247	0.13071895424836596	0.7418827082808961	0.2752829280038524	0.19143450727140734	0.2789302245842617	0.10380622837370246	0.17834890965732064	0.5685172392137154	0.7613957658092546	0.14788732394366225	0.2279549718574109	0.89320882852292	0.9202893726560591	0.16489124711409925	0.4183522154338929	0.19218955682316816	0.11697690977520099	0.13892176907349618	0.6405408502349033	0.6078431372549016	0.5327510917030568	0.5384615384615389	0.7258770834374012	0.39322977046139607	0.27544733264644766	0.8174455813218503	0.1619767850861766	0.5035218593039497	0.37058881032291713	0.22619047619047541	0.10449211719818577	0.4185130477597244	0.3532684283727397	0.5780542493904565	0.1213985108449337	0.12426035502958573	0.42429847938548365	0.14854039375424305	0.4924859318106588	0.5863948803033896	0.6363636363636374	0.37981933499903914	0.5615352523988321	0.1857548333407637	0.1777424784845541	0.5651076466221234	0.9754180602006687	0.9024596492518107	0.5375368007850833	0.9014917560847946	0.9319830178666199	0.2925405864252113	0.24232614506034472	0.124342562270517	0.7297297297297294	0.15926493108728912	0.057607090103397436	0.1708074534161493	0.6744159801376821	0.4106090373280952	0.6945950673430119
18	0.0	0.012433178511962142	0.1795281693552294	0.5849137745667226	0.8100497149496096	1.0	0.013331500824628901	0.6565375962914992	0.16001483781444487	0.29508196721311225	0.4649411764705883	0.8461033687075413	0.5645836563808344	0.3486220076443371	0.6015936254980072	0.8764762295145365	0.5659130073088117	0.49849273773636604	0.6680515307507292	0.3013258336681399	0.31941489361702124	0.6019339703610459	0.1577017154837677	0.696386050248479	0.09167623707994202	0.18774890251356827	0.6804891486761192	0.20371303378677544	0.7361631918404079	0.6289633922676257	0.9601267764032307	0.006993006993009579	0.06856829402084477	0.6333333333333329	0.4823240530097861	0.1531914893617018	0.6565903174053407	0.14063797638777606	0.9502979286862766	0.12918099701424846	0.08108108108108085	0.7970142397795129	0.294920037629351	0.9509501797637392	0.06264229893545012	0.22919594823825892	0.491525423728814	0.4030418870785005	1.0	0.23667833527810186	0.5493562231759657	0.9761310599724826	0.6753424657534246	0.18365082247551925	0.8968482566283038	0.6298732735298304	0.3913043478260862	0.49259703881552613	0.4362848981848337	0.33102601676178717	1.0	0.2915097662070274	0.41921397379912717	0.2898544096348807	0.33007840784492226	0.7513281919451584	0.6919714943914571	0.27769825365015743	0.17783606557377069	0.0	0.03860229016645023	0.5401207937877479	0.24836601307189562	0.655675811729172	0.8168793643149527	0.24394883732572392	0.24704268815360872	0.1176470588235294	0.14719626168224278	0.21280537587138115	0.6874238558260352	0.1146881287726358	0.4230769230769231	0.9466893039049235	0.7241639482502275	0.31710478350682453	0.1367222255175278	0.032940512756221375	0.26792798291119874	0.18938986333799632	0.2850922424659105	0.4117647058823523	0.3187772925764196	0.4615384615384611	0.9910917961270127	0.4199046558051948	0.35834107793657577	0.9306877888831823	0.16320787900105524	0.4048503581299971	0.4181221284499333	0.22619047619047541	0.004985242243179004	1.0	0.23226703755215647	0.6696926158133056	0.4748300420848171	0.0	0.399184825207713	0.16249528550954215	0.47381661701423355	0.3716076084380186	0.3939393939393934	0.3890447818566213	0.2223612849395079	0.039305722734905506	0.29732805424500364	0.5041656355687542	0.8263656633221851	0.7901393433582116	0.5358194308145239	0.47045276105731487	0.9669202193525561	0.28599724118416864	0.10763594911211785	0.386325295226754	0.40540540540540587	0.10413476263399671	0.03840472673559815	0.0	0.6420832863107998	0.25147347740667886	0.6955571103725726
19	0.005858958191871181	0.05132109368153537	0.12768492951605873	0.6876962112415602	1.0	0.7579873552152294	0.0032985156679494108	0.5530199740950302	0.12943245359748307	0.40983606557376856	1.0	0.6141665366803464	0.32710497751589396	0.48712532689599675	0.7649402390438247	0.7823610391418343	0.6446015806049077	0.26005017180681783	0.7111052188142781	0.04901566894335081	1.0	0.6893304669810935	0.42929222007047446	0.24343719667142896	0.31342687372047745	0.30301739307611114	0.3902676892094708	0.0183666926212613	0.9612269386530675	0.43398136600396203	0.9362028422451705	0.3846153846153867	0.07272921878971943	0.5999999999999991	0.0	0.1702127659574467	0.5544280786704886	0.35137725777714374	0.9538446987609952	0.14953324010733587	0.10810810810810742	0.7965548920532846	0.1829727187206021	0.8983050847457625	0.0796258691772814	0.5058401589686423	0.44067796610169474	1.0	0.9606883251743065	0.8854531310774019	0.10783261802575105	0.9321229125637363	0.9184594655288565	0.09806554984468528	0.8010449008092367	0.5671650291898048	0.43478260869565205	0.5383820194744565	1.0	0.33551210859170144	0.5067800946654726	0.23036599571966537	0.45851528384279366	0.22901135757298577	0.3153278027184146	0.7020851185375606	1.0	0.06768639319455241	0.0	0.030990833697075244	0.04391453193247553	0.42385677308024156	0.06535947712418298	1.0	0.8664820611606067	0.26585066706715704	0.7100977198697068	0.3044982698961938	1.0	0.4089053570307106	0.7670045743971682	0.22032193158953728	0.1857410881801126	0.5870967741935484	0.5251980560548564	0.6948438575884008	0.502402277715167	0.2161035541904344	0.7971722103549991	0.146561928333154	0.0	0.4117647058823523	0.19650655021834057	0.4615384615384611	0.5425512429858296	0.2893690657286818	0.3330372619820078	0.8308082803302649	0.17868448821667257	0.4509168722322944	0.5892990973964616	0.6190476190476201	0.07945792239579583	0.45248645987198427	0.1585535465924893	0.8075474573319401	0.23761735189381672	0.16398985629754845	0.6547107697131211	0.3008825526137134	0.3158556769281694	0.5542338231808486	0.4545454545454549	0.29509898135690954	0.23070504797663755	0.032143016361285685	0.5037182800287664	0.33084220077538545	1.0	0.8720173535791759	1.0	0.5215388641716828	0.5634176543428269	0.0	0.08589958552606083	0.181403195395455	0.6216216216216216	0.10566615620214363	0.03988183161004436	0.17391304347826095	0.5506714817740662	0.3241650294695481	0.788875284239986
20	0.04140071781938112	0.11637893260888613	0.3972484619483603	0.6043951318109493	0.5261341222879684	0.8648824352624737	0.004398020890599215	0.8641863794396347	0.17030513690631566	0.6393442622950788	0.48501960784313725	0.9482403438093345	0.7258102031322687	0.7017702675518005	0.2968127490039839	0.8382818119243001	0.5340038029591774	0.3222589961422517	0.6589876789981282	0.338288469264765	0.7316489361702129	0.36052280957012905	0.3326627717488916	0.32676053265860316	0.057722075198482	0.2558578917146722	0.5357520565902711	0.35768485015038365	0.2349632518374079	0.6170933900667598	0.6378011791568688	0.1958041958041996	0.10178879627523649	0.6666666666666666	0.1677319178131661	0.19148936170212816	0.36513373942383226	0.3248418595632433	0.6925659699233899	0.1819229751691296	0.13513513513513511	0.8620119430408821	0.215428033866416	0.2745249101181297	0.014491415912866904	0.18230504531575614	0.5423728813559322	0.6415186613088593	0.5891311872620284	0.8599766627771295	0.8535407725321887	1.0	0.5147091848192228	0.3539919685796192	0.6485575464365719	0.4566851772746689	0.6086956521739122	0.490318349562047	0.6894867778494426	0.0	0.9141614430088264	0.3222983772654622	0.5021834061135383	0.15664303681683053	0.3472495190020069	0.6317096214268451	0.3617025857428898	0.5597726064373645	0.09455737704918045	0.05412483631601899	0.10329358989493567	0.6774877768190969	0.13725490196078438	0.4736974578404227	0.5945099927763061	0.2862256263923303	0.0	0.10726643598615901	0.07320872274143282	0.5201281165609495	0.4847481782865544	0.5804828973843063	0.46497811131957467	1.0	0.5196502674034132	0.24306371258455192	0.08405006228127432	0.29461543283394975	0.4140982606042109	0.4379640589691166	0.19743325312249344	0.5294117647058807	0.2663755458515287	0.07692307692307776	0.8797309222904908	0.386409776455752	0.4053995934784519	0.9502330818156677	0.34347520225114314	0.4968645050078761	0.6510964840822446	0.285714285714285	0.0	0.39225340554734933	0.333796940194715	0.25082723789620365	0.427484622855293	0.184277261200338	0.8084025709358834	0.03408010862186008	0.5592188017212842	0.4163605119696615	0.6060606060606066	0.15533346146453986	0.24864413850646636	0.04321400442839506	0.18577965338201483	0.2500866122246965	0.7488851727982163	0.6024486194345379	0.34298331697742884	0.18523946610834854	0.12940031841500085	0.35652389205248813	0.27232431894018616	0.3087228341768383	0.6756756756756764	0.13935681470137776	0.04726735598227479	0.11490683229813653	0.840424331339578	0.33595284872298553	0.3912016792023785
21	0.06062663691919682	0.2248488300762423	0.3755655670202974	0.36954371478948955	0.6576423225527547	0.7894008118864948	0.0038482682792743226	1.0	0.29748444090290843	0.5409836065573748	0.4519215686274511	0.643330088157619	1.0	0.38795011064172197	0.6334661354581664	0.774325400815165	0.40877354566522056	0.2729725741509793	0.4933829332237156	0.0	0.5957446808510638	0.30666426895756876	0.1783541414253568	0.0440792080647689	0.19328905976931135	0.20869839035323326	0.2361769902537566	0.46739644880074627	0.41555422228888544	0.0442227276061916	1.0	0.5034965034965048	0.12093440188378847	0.6333333333333329	0.03320333658325235	0.19574468085106408	0.23571187953657693	0.0	0.6905324884138845	0.1647832495559167	0.1158301158301158	0.6009646302250806	0.24365004703668863	0.05367231638418088	0.0035997784751707596	0.047351330393059575	0.508474576271186	0.15772657249749367	0.9432329525787468	0.392648774795799	0.21392167381974247	0.7467423854102032	0.7953514484617107	0.579790259279472	0.7141776497628816	0.5948739854762921	0.5217391304347822	0.4556933884664975	0.284529623145674	0.1536775669700242	0.7536458999616218	0.19708503779156392	0.34497816593886593	0.10307188047869496	0.4843080869727128	0.5585173466921539	0.551661033005361	1.0	0.003540983606557512	0.020296813618507045	0.14154173061031755	0.5949453551912566	0.13071895424836596	0.45356154039768426	1.0	0.3007684413406424	0.06960397737013542	0.1107266435986158	0.19158878504672888	1.0	0.3809852194101557	0.0	0.22826766729205752	0.49813242784380307	0.2664935756607416	0.31094819555267555	0.008956640370128862	0.0	0.35347370562506364	0.13095878618314866	0.6318322447576487	0.5294117647058807	0.21834061135371174	0.5384615384615389	1.0	0.565499652214236	0.4413488886104779	1.0	0.11027084066127328	0.2159776503105781	0.6430398514125583	0.24999999999999958	0.02634799510474401	0.39126866896438545	0.14742698191933276	0.41100661790316984	0.5326157332470054	0.09551986475063397	0.5797773945759529	0.08597721958210748	0.2607083747103608	0.1387917753022043	0.6060606060606066	0.15179704016913317	0.3738005840634127	0.0161829610806472	0.11156420651667107	0.4077703538728038	0.40518394648829464	0.7615353505643592	0.5080961727183512	0.3842973043705837	0.34017335927825926	0.44604392883669935	0.19808423394259286	0.31864642254639275	0.5945945945945941	0.12404287901990806	0.257016248153619	1.0	0.578885001692811	0.4459724950884092	0.9197131362602761
22	0.2192259190998157	0.3062286390325125	0.4931647531850991	0.33281727088977764	0.3157101942665693	0.6569779559913849	0.006459593183067623	0.799475083509442	0.5129899569978155	0.7540983606557374	0.4887843137254903	0.3865434575643971	0.8425337261590946	0.3921746127539731	0.4123505976095609	0.044899805876302164	0.3127339711212786	0.02673018951451411	0.3242904009777725	0.3443149859381278	0.3545212765957446	0.22650994368108304	0.23819849711473437	0.05313498598553863	0.18425126079792278	0.14286772741585968	0.3532015680115513	0.328630971465213	0.0	0.5192429022082026	0.5637801179156863	0.6083916083916097	0.18512770426662029	0.8666666666666648	0.2651211497490343	0.34468085106382995	0.11582526134140002	0.1152257502753053	0.07906932753239376	0.12405986620809556	0.15830115830115804	0.4927423059255854	0.1439322671683914	0.20801232665639433	0.03449018521937112	0.09143120244268872	0.8135593220338982	0.2156626211416044	0.535578301933442	0.25262543757292855	0.2294796137339056	0.48872986753716263	0.3989669885470469	0.9393867812652578	0.1383683088317808	0.535184394133561	0.7391304347826082	0.28216842292472544	0.7373076568690685	0.1490886420895675	0.4634450556479464	0.0	0.8187772925764195	0.0	0.3687444400769598	0.42159383033419023	0.48048313131095644	0.2195820211852276	0.06268852459016395	0.038192928852029684	0.21367016881123838	0.3136683922922059	0.15032679738562116	0.3750314623710043	0.6650614013965805	0.35893970113388884	0.21224069946854093	0.1730103806228374	0.18302180685358252	0.390724109778308	0.1973656989173161	0.23943661971831012	0.0	0.5809847198641768	0.2376894569824465	0.3979100004050384	0.0	0.16395035416536072	0.0555386023802256	0.0	0.05901226079981667	1.0	1.0	0.692307692307689	0.5969995171253976	0.9431158211419818	0.6658370435748466	0.8833702050329869	0.07843826943369683	0.0	0.283195933396331	0.4880952380952379	0.3587574688647325	0.23650090267520102	0.2531293463143254	0.13481800766283558	0.2018452573648429	0.19357565511411648	0.3016460260228882	0.2204571169947953	0.6056272757365112	0.0	0.787878787878789	0.0	0.32790988735919924	0.0	0.0	0.0	0.41387959866220736	0.8756571932791647	0.3540235525024534	0.5776498298874642	0.3101892800283036	0.6314505004774873	0.0	0.16899870993351193	0.7297297297297294	0.16232771822358297	0.0738552437223043	0.18012422360248462	0.5318812775081818	0.6797642436149319	0.3689872310652436
23	0.2802987680667378	0.363026903864692	0.5582521920263528	0.4425235453489873	0.4909891653832645	0.9299673458854825	0.00865860362836723	0.6318256186515783	0.6255787434569359	0.8196721311475395	0.5618823529411765	0.29229172157468125	0.8091176926655297	0.3089921544960772	0.36653386454183273	0.17403846897501166	0.22049735575494644	0.07985327908594567	0.25183920723852976	0.31096826034552033	0.6351063829787233	0.49445393537629057	0.4393539095590948	0.06111468591973785	0.37978728716233073	0.06103321169911295	0.25950084543433866	0.08421502618360571	0.764136793160342	0.46075856503558116	0.5350509491190403	0.7132867132867147	0.15428869593139155	0.9333333333333323	0.525945184703716	0.28510638297872337	0.05109365860337313	0.19259657633728808	0.4149248084744163	0.08513171321667486	1.0	0.5016536518144239	0.2050799623706491	0.174114021571648	0.0032613377638299208	0.23876799302088875	0.7966101694915252	0.0022577779226813544	0.7835138208969984	0.1625826526643328	0.36775751072961366	0.7213424339709177	1.0	0.9970326580110809	0.09042922397203604	0.4241349850491242	0.782608695652174	0.16908985816548838	0.4987561043029577	0.387429944984318	0.5060445183574263	0.031899330859046955	0.7707423580786031	0.04448509794953881	0.323044458696237	0.37293081097708347	0.5508644261200941	0.33499652365956406	0.13193442622950832	0.04779572239196853	0.13953488372093023	0.7604975553638191	0.16339869281045746	0.6346589478983137	0.6444136768601008	0.17373782884032932	0.2007543288187896	0.17647058823529396	0.319314641744548	0.0	0.25968324023630535	0.18812877263581504	0.19105691056910576	0.432597623089983	0.32882852894836107	0.9043703673700846	0.0807283943294385	0.20030715225976317	0.44797070491303037	0.1628107177445389	0.1729116534891716	0.7450980392156865	0.3886462882096071	0.7692307692307667	0.25347586459530075	0.5958163917368368	0.49170034088720443	0.6037312843203094	0.09022159690467817	0.32799358040835747	0.4357343021929685	0.4523809523809525	0.6749874019149087	0.4163794518299688	0.5229485396383872	0.2957157784743993	0.04378439624473931	0.19188503803888413	0.14751528452735554	0.33170400543109274	0.45627275736511075	0.19332187722209074	0.787878787878789	0.10344032289064019	0.2586566541510224	0.08369369771001454	0.21283102965930914	0.1273282190876845	0.21098104793756994	0.87595132173977	0.0	0.3126406699816802	0.13789138510525395	0.27860502953347716	0.02010945653557321	0.18686116899870991	0.8378378378378392	0.2664624808575801	0.07680945347119651	0.39751552795031075	0.25053605687845615	1.0	0.9904670281616229
24	0.3848093898535261	0.39312943650863197	0.7359879862423098	0.6550552616866641	0.5230944854232525	0.7031800541919347	0.011682242990654205	0.5624446110846003	0.5082913157569344	1.0	0.4658823529411766	0.0	0.45383005117072417	0.32076041038020514	0.7091633466135456	0.0	0.0	0.0	0.2675695478429225	0.23865006026516675	0.3696808510638297	0.33443954912170276	0.5518384382011094	0.10701522868474937	0.0	0.0	0.29126004546980233	0.0	0.5965201739913004	0.5435257868094787	0.5563166683706499	0.9370629370629376	0.29040846634467443	1.0	0.47768389123605287	0.4170212765957443	0.04083453020905279	0.43270662525198195	0.25281377092594326	0.06485505877017272	0.16988416988416952	0.9735415709692233	0.2732831608654752	0.6137647663071394	0.003722847824749249	0.3061842679203219	1.0	0.03871640842143015	0.7417791623399097	0.6180474523531699	0.20493562231759666	0.6310869506569189	0.6349427352346729	1.0	0.04798480446555844	0.267933931368361	1.0	0.0	0.42504376670045146	0.20801840711604713	0.4885505948573625	0.018489421071167345	1.0	0.03765530909368093	0.5212983842605045	0.3421967349987916	0.9595883480095595	0.15242730358676543	0.11973770491803282	0.05565255347010003	0.17365128084051473	0.7015746333045728	0.25490196078431354	0.33173923986911646	0.7189983144714663	0.0	0.42979598834219074	1.0	0.21417445482866038	0.3603592287885448	0.0	0.33702213279678106	0.0037523452157599032	0.5432937181663837	0.4527439362670042	0.7686419053019566	0.2349486920932441	0.3613113520967844	0.3456413386227243	0.14839126224039603	0.6789274664833277	0.8431372549019611	0.44978165938864667	1.0	0.1527215811645599	0.6010473158290593	0.36288499404429087	0.5600975783194404	0.029370383397819184	0.4883644901477099	0.2340252207631402	0.7857142857142858	0.6041681664387011	0.0	0.3129346314325453	0.4259513235806341	0.2808352217546132	0.2096365173288249	0.0	0.18903220939880813	0.0	0.3285138658449871	1.0	0.1235441091677878	1.0	0.18258957098063694	0.5200218118020816	0.03438092881299947	0.0	0.8730468031912937	0.37659470068694806	0.19675477623658724	0.001768972227136034	0.2800905457503624	0.0346630808307187	0.36320333432569224	1.0	0.20673813169984692	0.09305760709010337	0.5031055900621118	0.0	0.8447937131630653	0.6833129263599786
