	406	9575	1407	1408	1460	8553	4862	85457	6097	79365	5528	5529	8864	5187	1454	5501	1457	1459	9975	2146	79176	5499	5500	5518	5519	2932	23291	4841	11091	1453	5515	6096	4783	51655	5566	56938	1628	6095	5516	8863	8914	5536	5578	8945	9572	26224	190	196	207	367	2033	2034	3091	3320	8850	3131	266743	466	546	760	1050	1054	1108	1111	1387	1390	7008	1642	1649	1786	1788	1789	1810	1822	1876	3065	3066	5371	5914	7409	8726	23512	23649	5252	2770	2771	2782	3054	4163	4221	4297	4609	4654	10538	90993	10488	4830	4831	5111	5430	5829	6421	6688	7414	55269	4842	6256	8202	9737	5469	5705	5929	10499	55885	8648	83714	6667	6774	7329	8450	8451	11277	54962	9070	9410	9611	9612	10002	9722	57727	23178	29915	51514	83743
1	3154.0	307.9	9772.3	2704.3	24271.3	11216.6	67.1	8242.3	5321.6	47.3	854.1	3346.2	69.0	471.7	40.8	4076.1	1034.9	1233.9	13006.6	305.1	362.5	24274.3	39572.0	4985.5	4340.9	2773.1	508.6	72.1	2875.2	2147.0	4921.5	49.7	4148.9	47.5	12698.4	36.7	2761.5	36.5	5579.2	44.4	55.8	2286.3	76.6	1668.9	110.8	3423.9	60.3	13388.6	2266.9	52.7	1049.3	27926.3	1848.1	56161.7	43.1	1003.7	55.0		587.3	1284.0	16774.5	338.6	2433.6	85.0	331.3	4795.1	363.7	11474.5	1228.7	186.1	138.3	81.0	2923.8	56.2	1383.3	4613.3	67.6	144.3	62.3	117.4	7421.0	97.4	326.0	238.0	48.3	6034.3	6419.1	392.1	3142.6	1753.2	155.9	476.0	44.7	99.4	37.7	3074.4	17431.5	215724.4	20381.8	37.9	831.2	6297.8	101.7	591.6	566.4	110.8	9348.6	58.1	51.3	96.1	17746.1	2343.8	6485.3	49.8	1329.5	145.2	8267.3	509.0	1112.7	1648.9	6793.6	983.5	2308.1	1820.9	2164.1	16083.4	148.1	51.9	64.0	88.5	62.6	542.8	71.1	278.5
2	4113.3	524.6	11662.4	2643.1	22488.3	11929.4	85.8	8441.5	4318.9	48.2	853.3	3017.9	71.5	492.9	41.0	4193.1	1233.7	1347.2	12287.7	309.9	394.9	24112.6	36809.2	4909.1	4510.8	2463.7	291.6	73.1	2362.3	2091.3	5673.6	50.5	4317.8	48.0	10091.2	36.7	2285.6	36.7	5984.3	44.9	56.1	2252.7	67.6	1561.9	111.1	4354.0	60.8	13015.3	1896.5	52.8	917.7	25923.0	2151.1	58811.5	43.2	962.9	55.6		636.4	1286.9	14557.4	255.9	2864.3	85.1	311.3	5753.3	441.3	8085.5	1273.7	252.0	139.7	66.4	3081.4	55.3	1394.1	4122.2	55.5	239.8	63.0	165.3	7760.7	139.5	282.2	182.0	48.4	5476.7	6571.8	391.0	3466.7	1594.4	155.5	863.2	45.1	100.8	37.5	3329.4	18334.0	228795.4	23359.7	38.0	798.1	5711.4	102.0	483.7	481.0	118.8	9094.2	99.4	51.6	93.5	18718.0	2239.1	6484.1	49.6	1140.3	128.1	7512.4	519.6	1059.4	2186.2	6199.9	986.9	2877.1	2454.2	2287.7	16605.3	198.3	52.5	63.1	114.9	66.9	620.5	72.1	282.7
3	3470.5	487.8	10140.0	2366.5	23279.2	9554.4	72.6	7244.8	4309.6	47.9	826.6	3163.7	54.9	474.7	40.7	4423.0	1248.4	1250.1	10224.0	294.0	555.1	25610.3	38949.8	4645.2	4147.8	2731.7	446.2	72.6	2748.6	1921.4	5012.8	49.9	5089.7	47.7	10736.4	36.7	1472.0	36.9	6171.8	44.6	56.0	2631.0	92.1	1485.4	111.0	4723.6	61.3	14375.0	1944.4	52.3	941.1	24140.4	1714.7	61299.0	43.2	811.8	55.2		508.6	1370.8	17500.7	239.5	2586.9	85.4	190.2	6041.6	317.1	9608.2	1128.4	246.2	135.7	71.8	3404.1	55.8	1604.6	3840.5	54.9	145.0	61.2	165.2	7298.8	94.4	356.4	237.8	48.7	5999.2	6586.5	391.3	3839.9	1725.9	132.6	698.5	44.9	97.7	37.4	3186.7	18414.6	232116.6	23793.7	38.1	762.0	4498.8	102.0	515.4	393.1	117.1	10134.5	58.2	51.6	92.6	18873.6	2137.8	6810.2	49.8	1195.3	86.1	8722.6	446.4	818.4	2093.8	6101.9	984.9	2672.6	2294.7	1743.1	14475.6	114.8	52.8	62.5	71.0	74.4	614.3	71.3	243.0
4	4860.3	431.4	11540.6	2208.3	22350.8	11547.7	123.8	7360.0	4928.5	48.3	807.5	2806.2	54.6	556.2	41.1	4509.3	986.0	1087.9	9298.0	287.2	322.5	25154.3	39932.4	4281.7	5257.2	2210.0	578.7	73.4	2804.8	2040.6	4853.0	50.3	4628.5	48.1	10513.5	36.9	1197.7	37.0	5897.6	44.9	56.3	1843.4	68.8	1639.1	120.7	4727.4	61.1	16259.0	1672.1	52.8	842.4	23519.3	1901.9	41181.9	43.4	857.9	55.8		772.6	1586.0	13851.6	256.3	1840.0	86.2	112.2	6238.5	220.7	8834.3	1118.7	127.0	137.1	70.1	3807.5	56.7	1288.8	4314.0	55.6	148.5	63.8	105.8	8125.0	99.5	273.9	221.6	48.5	5294.8	5830.8	393.1	5014.4	1568.9	153.3	858.1	45.1	99.8	38.1	3338.8	18491.9	223204.4	22368.9	38.3	796.2	4479.4	102.3	441.1	522.9	116.7	9379.5	58.4	51.9	94.3	18125.7	2352.2	6190.9	49.6	1259.6	137.7	9283.1	447.6	954.8	2204.4	5948.2	991.7	2775.8	1801.1	2073.5	16509.9	142.0	52.5	63.4	71.3	67.2	567.8	71.6	280.2
5	4246.7	299.5	8737.1	2336.2	24476.2	9691.3	164.1	8018.2	4011.4	47.1	876.4	2819.3	53.4	480.5	40.1	4460.8	1229.9	1295.0	7393.1	317.0	411.4	26278.0	39239.3	5827.4	4662.7	2580.0	379.1	70.6	3010.1	2070.3	4942.3	48.6	5392.3	47.2	11766.7	36.3	970.6	36.5	5992.8	43.9	55.1	1990.5	65.3	1597.6	118.3	4455.8	58.3	10935.0	2270.3	52.4	1128.0	26944.9	1429.5	34280.5	42.6	705.8	53.7		462.6	1417.9	20126.6	318.4	2837.7	79.7	166.6	5924.2	138.1	10917.2	932.4	201.2	164.4	114.0	2756.1	67.7	1318.4	4175.2	58.0	303.1	59.3	119.0	7948.6	93.6	289.4	299.9	48.1	6584.7	5761.4	406.5	3571.9	1753.5	262.6	928.9	43.6	99.9	37.5	2505.5	17374.2	228848.2	20234.2	37.6	815.9	5008.5	100.4	550.8	451.2	110.8	12688.8	98.4	49.8	95.0	18836.5	2657.4	6399.9	48.0	1327.1	215.4	10151.3	440.6	1189.0	2172.2	5458.8	970.2	2782.0	2140.5	2095.0	16473.3	149.3	50.7	63.3	104.7	71.6	614.5	69.9	274.8
6	5206.7	667.8	10106.8	1495.0	21077.9	14431.5	486.9	9193.3	2335.4	48.3	886.4	3150.4	54.8	444.5	41.1	3891.1	1182.9	1443.1	4442.3	287.8	325.1	25635.0	42129.0	4546.8	4617.6	2210.1	317.4	74.1	3233.2	1990.1	4902.4	50.2	4002.9	48.0	15078.8	36.7	527.4	36.9	5869.3	44.8	56.3	1955.8	61.6	1537.1	120.6	3392.5	61.0	14950.8	1934.3	52.8	1379.2	26700.8	1409.6	31969.1	43.3	773.6	55.1		655.1	1124.5	18372.4	238.1	3015.7	86.5	217.4	5677.7	110.4	9524.9	1801.8	205.4	144.3	312.8	3635.6	57.2	1292.4	4138.6	55.2	153.3	62.9	100.6	8816.4	109.6	272.7	390.9	48.6	5277.5	5675.1	393.7	3648.7	1765.4	219.0	741.6	44.7	97.4	38.2	2428.7	19143.8	225240.4	17594.5	38.1	1064.0	7676.0	102.3	323.6	541.6	178.0	10432.0	58.2	51.7	93.1	17210.9	3062.0	8041.7	49.6	1416.2	172.0	8578.0	448.4	1000.2	2047.8	6499.5	990.6	2201.1	1952.5	2321.7	19695.2	141.8	53.0	62.9	97.7	65.1	946.9	71.3	280.3
7	4209.0	434.6	9035.8	1571.9	18864.3	5672.1	595.5	9073.8	2018.4	46.7	787.3	3151.8	53.9	415.4	40.6	3517.4	1293.3	1506.6	3722.7	318.5	345.8	22733.7	49792.0	5318.6	4561.1	2249.0	291.7	73.2	3076.3	1791.1	5431.0	49.8	5287.7	47.6	14457.3	36.5	357.2	36.7	5438.6	43.7	75.0	1897.5	64.7	1589.7	110.3	3015.6	59.4	17262.1	1910.4	52.5	1102.4	23741.0	1289.7	32386.9	43.1	868.0	54.4		525.9	1388.3	16131.0	203.4	2483.8	80.6	133.1	4546.8	103.7	8857.1	1786.6	144.3	154.1	131.1	3632.0	54.9	1425.0	3447.2	55.0	389.6	60.6	139.6	8758.2	101.0	280.7	276.6	48.1	4897.1	4863.2	388.6	2654.0	1726.2	198.1	399.0	44.3	95.7	37.6	2892.8	20568.2	233903.5	18692.3	38.0	978.8	7215.1	101.2	245.2	634.9	113.9	10121.8	57.5	50.4	91.7	16639.7	2752.7	7715.1	48.6	1518.3	156.7	8488.3	436.1	864.3	1873.4	6308.4	1010.7	3042.8	1721.4	3556.3	19065.3	177.5	52.4	64.0	128.4	64.7	912.7	74.8	277.2
8	5264.8	254.9	6777.9	1187.9	20034.4	2835.5	397.3	7065.3	1228.7	48.8	850.0	2773.7	55.1	491.0	41.6	3923.7	1116.2	1429.4	3444.2	310.8	323.4	25383.7	49489.8	4770.0	4253.9	2206.9	410.8	74.4	2539.7	1671.5	5080.4	51.2	5842.4	48.9	14764.4	37.2	349.2	37.2	5840.1	45.7	56.8	1953.2	115.0	1505.0	121.7	3167.1	62.7	18469.4	1631.4	53.4	963.4	18897.7	1417.0	31531.5	43.8	660.5	56.2		476.5	1454.8	13817.5	260.8	2337.4	87.1	77.1	5523.3	65.6	7038.6	1904.7	167.5	140.2	84.8	4173.8	56.8	1032.4	4200.3	56.7	133.3	64.3	148.3	8549.4	156.9	281.5	226.6	49.0	5208.1	4824.2	352.6	3170.9	1775.6	156.3	314.5	45.8	108.5	38.4	3218.9	19725.3	226973.2	19705.4	38.6	520.2	7555.9	108.6	363.1	678.7	139.0	7506.1	65.5	52.7	97.3	14924.9	2429.2	7031.7	50.6	1352.2	143.4	7359.6	403.6	700.0	1907.4	6431.8	1000.3	2505.8	1918.3	4124.9	14278.9	158.6	53.5	65.7	85.4	67.1	716.0	74.3	282.4
9	4122.4	446.1	5963.3	2208.5	20146.6	3147.5	745.2	8353.3	1201.6	46.0	1095.7	3208.7	54.4	440.4	42.4	2503.9	1431.6	1788.6	13098.2	300.8	403.5	23029.6	40355.3	5527.9	4593.3	3031.8	87.3	70.2	3383.6	1988.0	6038.6	48.4	8427.3	46.2	15420.1	36.2	655.2	36.2	5482.3	43.8	55.2	2194.8	68.2	1586.4	429.5	4425.4	59.7	18809.6	2139.3	80.0	1296.6	25571.5	995.4	41621.6	79.2	730.3	53.0		470.1	1362.5	20368.3	329.7	2499.8	82.7	193.2	3700.4	61.7	10390.7	1516.0	436.6	190.5	200.9	3103.8	64.2	1357.2	4200.9	54.6	308.1	59.2	112.2	7203.6	137.5	277.8	356.4	42.8	7296.2	5593.9	329.3	3505.7	2418.8	252.9	729.8	43.5	97.4	37.4	2767.3	17987.0	242005.9	15514.2	37.2	1359.8	4452.2	100.2	224.8	602.6	112.3	13345.2	82.6	49.7	90.4	17925.8	2657.4	8761.0	49.0	1983.2	116.3	9883.3	609.7	1520.9	1924.8	5676.1	967.9	2623.1	1597.2	2382.6	19621.0	136.4	50.6	60.0	135.2	72.7	951.7	70.2	275.6
10	2453.7	490.2	3174.0	2167.1	20001.9	5091.8	393.8	7489.4	1042.0	46.6	993.7	2886.3	53.7	187.8	41.4	3157.5	1669.9	1711.0	25733.4	409.9	321.2	21247.6	36788.1	5922.5	5379.8	2909.3	132.6	73.1	3799.7	1850.3	6389.4	49.0	4673.8	46.8	14762.6	36.4	3719.8	35.7	5447.2	43.9	55.5	2377.9	139.1	1580.8	1279.1	3805.1	59.5	13952.4	2513.6	52.3	1328.4	26391.2	814.2	32572.6	50.3	713.0	54.9		311.4	1161.6	24495.6	249.6	2865.5	74.9	142.7	4203.2	88.4	10919.5	1141.6	347.1	268.8	73.9	3583.1	65.7	1065.4	4079.3	62.5	460.4	61.4	118.9	8018.8	121.6	279.6	478.7	47.6	6456.1	5317.5	389.3	3751.2	1836.5	315.4	348.0	43.7	94.1	37.5	3017.6	18131.8	203605.2	13801.7	37.6	1168.1	4503.6	100.9	318.4	713.0	110.7	17058.0	76.9	50.6	93.4	21553.4	2344.0	11077.8	49.3	2066.6	159.0	10180.8	508.4	2690.0	1620.8	5736.1	972.6	2751.7	2181.1	2253.6	23897.6	169.1	52.2	61.1	98.6	66.2	774.2	84.6	276.0
11	1978.9	304.6	1526.2	1516.9	17503.9	3584.7	102.1	6417.7	628.8	48.0	550.1	2566.9	54.1	290.3	42.3	3882.2	1592.9	1485.7	33483.5	473.0	337.9	18745.1	43275.6	3711.8	4327.4	2328.8	155.5	73.6	2859.8	1512.4	6047.3	49.9	3035.2	47.7	11461.3	36.5	8754.8	36.8	5700.4	44.5	55.9	1807.9	68.1	1874.1	865.8	4587.2	61.0	13375.4	1746.3	51.9	1171.7	20390.9	1331.4	34303.0	43.1	637.3	55.5		466.3	1292.7	17528.9	295.9	2103.0	85.4	77.0	5488.3	152.6	7844.9	980.8	174.8	175.2	66.1	2684.7	70.2	1535.8	4152.3	55.1	156.0	61.1	120.3	8096.6	176.6	281.5	258.6	48.1	5535.0	4891.6	388.3	3396.3	1457.7	206.8	479.0	44.5	96.7	37.8	3148.1	20372.9	252993.6	20947.6	38.0	956.9	1791.7	101.7	171.9	618.3	111.0	9950.3	58.0	51.3	92.8	17276.2	2480.1	7870.6	49.7	1679.4	307.7	9158.7	980.5	1716.6	2326.1	5854.2	981.1	3836.2	1781.1	2358.0	15997.9	177.4	52.7	64.4	69.5	64.8	625.6	71.6	278.3
12	1470.5	213.9	1530.6	2026.8	24115.2	9486.8	70.1	5494.9	554.9	47.9	1077.6	2801.1	59.5	463.8	40.8	4755.7	1260.4	1529.9	38711.6	286.5	322.5	26260.6	46885.4	5295.4	4744.0	1922.9	410.0	73.1	2980.4	1870.2	5050.1	50.0	2380.1	47.7	13689.8	36.7	19395.7	36.7	6630.0	44.6	55.9	1878.2	130.4	1817.1	1875.2	4612.3	61.0	13612.1	1738.0	52.7	952.5	22506.1	1662.0	31143.7	43.1	821.7	55.0		583.8	1170.7	15363.6	254.1	2298.5	86.6	153.8	6280.1	213.2	8365.5	1247.1	219.9	141.2	66.0	3608.5	55.9	1249.6	4375.5	54.9	139.8	62.7	120.1	8722.7	106.3	315.1	229.7	48.2	6070.5	5488.7	390.1	2948.7	1696.3	154.6	359.4	44.8	98.5	37.8	3783.2	18391.4	226447.4	22229.3	37.9	671.5	3091.1	101.7	504.5	612.7	114.2	10329.6	57.9	51.3	95.7	19111.9	2648.6	8298.5	49.7	1480.7	132.8	7890.8	439.5	685.8	1978.8	6156.3	983.8	3578.8	2708.5	2528.6	14643.3	142.4	52.3	63.5	70.1	72.1	697.4	79.2	278.2
13	650.9	173.9	1340.9	2128.2	26081.8	14185.1	73.2	5602.1	741.5	48.6	776.4	3256.8	55.1	486.4	41.4	4778.7	1056.8	1415.7	47780.1	340.8	323.8	30979.0	48776.9	4963.3	5145.6	2453.6	452.9	73.7	2963.3	1846.5	5242.0	50.9	1407.3	48.4	13484.4	37.0	54986.2	37.0	7551.2	45.4	61.0	1997.7	79.6	1819.8	2352.8	5181.2	62.0	14385.3	1982.3	53.3	1043.1	25169.7	2022.6	19004.2	43.4	933.4	55.9		651.0	1260.6	18204.8	204.6	1844.1	86.7	208.9	4866.1	393.5	9185.8	1233.8	193.7	172.9	66.6	3682.3	57.1	1428.2	4300.0	57.8	132.2	63.8	121.0	8008.0	110.2	283.5	241.3	60.6	5875.3	5523.4	476.0	3506.5	1485.6	157.1	491.7	45.6	112.5	38.2	3636.3	17586.3	212841.8	20465.9	38.4	1132.4	3809.8	103.5	576.0	768.4	120.6	11045.3	57.8	52.3	94.4	17067.8	2628.9	8356.3	50.2	1628.3	124.9	8257.5	432.4	803.4	2138.9	7068.9	996.1	2957.9	2324.7	2579.8	14878.4	159.2	53.1	65.2	71.6	68.3	673.1	75.8	280.6
14	129.3	212.9	1481.8	3320.7	22884.0	18930.7	70.4	7688.2	475.5	48.4	900.6	3201.0	74.8	1020.9	54.3	3482.1	1738.8	1761.7	52545.0	329.9	322.2	22852.0	44110.4	5007.0	5181.5	2539.3	91.3	73.0	3461.3	1852.7	5605.1	50.6	1107.1	48.1	15181.2	36.8	104621.8	36.8	5856.4	45.0	56.2	2101.3	68.0	1573.1	3360.5	4432.1	61.7	11935.8	2290.3	89.1	1588.0	27109.8	999.3	14996.0	69.4	801.9	55.6		237.2	768.0	28378.8	294.5	2082.7	85.3	139.8	3720.2	346.3	10419.9	990.5	264.1	373.1	61.4	3681.6	57.1	1291.8	3746.6	55.7	218.9	63.1	102.9	6994.1	247.2	282.8	485.0	48.5	6309.5	4905.1	375.2	3979.5	1805.5	315.4	523.0	45.1	98.9	38.0	2343.2	17806.7	201924.9	14497.0	38.1	998.0	4983.2	102.1	259.4	611.8	116.8	16663.6	90.4	51.7	94.0	17405.2	2367.8	10576.0	50.0	1994.5	296.3	10762.2	617.1	1782.4	1453.1	6254.3	990.3	1925.7	2066.1	2283.0	19259.4	153.8	53.0	64.9	70.6	65.5	906.8	75.1	279.6
15	126.4	126.7	1730.7	3268.5	20497.1	16924.5	67.3	7947.8	590.6	47.8	987.2	3739.0	95.7	612.9	40.9	3685.7	1458.0	1412.8	65222.4	394.5	306.2	22950.3	48159.8	4725.6	4233.4	3044.2	237.8	71.4	2952.8	1773.9	4969.6	49.9	1323.3	47.5	11280.3	36.4	97902.6	36.3	6012.4	44.2	55.6	2185.7	89.2	1662.8	2512.3	4123.9	59.9	16045.1	2042.6	52.4	1168.9	28903.6	1239.5	13007.6	46.3	1153.6	54.0		594.1	1029.8	26960.9	392.9	1774.8	84.5	114.0	3709.2	452.3	10612.1	1114.6	193.0	292.8	64.3	3115.5	55.3	1197.3	3722.8	54.3	147.3	60.4	97.6	7647.6	106.0	312.6	302.3	46.5	6260.7	5414.0	386.1	4134.4	1599.4	297.0	1186.6	44.4	96.8	37.6	2664.9	18037.4	219745.3	17364.1	37.7	782.0	4633.0	101.1	408.1	561.3	110.5	16173.3	64.9	50.6	92.5	15333.0	2367.9	10200.8	49.4	1959.4	203.7	8745.3	758.3	1424.0	1628.6	7544.4	975.7	2194.0	1967.1	2042.9	20798.0	139.5	51.6	61.9	67.5	68.7	850.5	70.4	276.5
16	146.8	221.3	2087.7	3513.2	20426.4	22355.8	70.8	10186.2	800.6	49.1	915.7	4100.2	185.2	1182.0	42.1	3700.2	1349.4	1828.7	66153.1	328.7	225.4	21253.6	56923.3	4708.7	3939.8	2340.9	266.9	74.8	2980.9	1798.9	6850.9	51.6	1226.2	49.2	12988.1	37.3	126894.9	37.3	5557.2	46.2	57.1	2030.0	67.2	1538.8	1036.9	4058.7	63.2	15637.3	2303.3	53.8	1282.5	32668.0	1223.6	12554.8	43.9	1441.6	56.8		448.4	988.8	21986.7	316.9	1743.7	89.1	79.2	2646.0	723.9	9640.0	1179.6	157.8	208.5	64.0	3989.4	57.7	1254.9	3323.9	56.7	134.7	64.8	122.0	8307.4	153.9	324.9	430.5	49.1	6016.7	4738.7	397.5	3761.8	1712.6	158.1	488.8	46.0	101.9	38.5	2861.0	17181.9	199515.5	15844.6	38.7	927.2	5339.9	103.4	195.6	809.2	119.9	14044.2	44.4	53.0	97.8	15788.0	1874.3	10777.7	50.9	1466.8	135.1	8645.3	585.9	1378.5	1726.2	8178.7	1003.9	2551.9	1822.0	2306.5	21666.0	171.4	53.9	66.1	72.2	68.1	790.8	76.0	283.3
17	131.2	221.7	1820.0	2359.1	26700.8	14648.1	70.0	7435.8	840.6	48.7	1058.1	4389.3	54.6	818.1	41.3	4447.5	1251.4	1634.3	59052.4	308.1	323.6	25327.8	41504.4	5059.6	4256.7	3055.0	381.2	73.9	3600.4	1794.0	6419.0	51.5	953.0	48.5	12256.2	36.9	104758.9	36.9	6070.5	52.8	56.6	2270.6	90.5	1518.4	921.2	3860.0	62.6	20591.9	1945.4	62.4	958.5	28685.2	1811.9	12415.5	43.3	1131.7	56.3		470.4	1275.0	17697.6	278.4	1931.3	88.5	108.6	3483.2	721.5	8812.6	1245.4	199.3	141.5	66.4	3215.4	56.9	1622.2	3781.2	56.1	146.5	62.2	119.2	8667.3	115.2	273.8	238.1	48.6	5931.0	5101.5	393.2	2435.8	1508.2	135.0	872.9	45.6	106.3	38.1	3503.5	18571.1	214245.9	22078.5	38.3	767.2	5507.6	102.1	342.4	616.1	129.6	11989.5	58.4	52.3	97.0	15909.5	2295.4	8246.1	50.1	1565.8	215.0	7238.6	397.7	799.2	2286.1	7913.4	1072.3	3648.0	2649.4	2324.2	15537.6	142.7	53.3	65.4	71.4	67.4	815.9	75.7	305.4
18	110.3	181.8	3193.9	2548.0	29496.2	22986.1	69.2	8449.9	1473.5	47.4	846.5	4432.2	54.8	534.4	40.8	4458.8	1275.2	1389.7	44674.8	299.1	345.5	26109.1	41526.8	5143.0	3560.7	2200.2	476.1	72.9	3204.8	1824.1	5360.7	49.8	1465.5	48.1	12802.2	36.8	81369.2	36.9	7447.2	44.9	56.2	2365.7	87.2	1854.4	313.9	3491.1	61.2	15860.8	2525.3	53.1	1252.0	33051.3	1714.7	21264.7	42.8	1456.9	54.8		587.3	1241.5	17970.1	254.0	1708.3	85.4	209.3	3931.6	737.1	10252.6	1544.1	220.4	130.8	61.8	3430.8	58.7	1550.4	4680.9	55.1	149.0	62.6	115.5	7535.1	169.3	272.4	300.5	52.0	5899.4	5594.0	400.1	1929.8	1706.6	155.1	562.7	44.9	101.4	38.0	3519.2	18481.9	218678.9	23225.1	38.0	847.3	6280.5	102.1	322.5	971.5	123.2	12609.8	97.4	51.2	93.6	16002.0	2267.2	7247.2	49.3	1501.6	133.3	6511.5	387.5	326.1	1983.4	7607.9	1071.6	2824.5	2691.5	2229.5	13846.8	109.5	52.1	63.0	70.1	61.9	774.6	71.6	325.7
19	140.5	151.0	2658.8	2787.0	32308.3	18109.4	69.6	8219.8	1285.9	48.0	1187.6	4594.3	55.6	672.1	40.7	4710.6	1175.9	1226.2	47291.4	236.3	601.4	27178.3	42419.4	5158.7	4004.8	2482.0	514.7	73.1	3256.6	1881.8	5023.4	50.0	1496.6	48.0	9938.8	36.8	67537.6	36.9	7453.9	45.0	55.9	2222.4	67.3	1833.6	369.1	3884.8	60.9	23129.0	2623.6	74.2	922.8	32110.5	1766.6	16099.1	43.3	1256.5	55.0		720.9	1853.3	18039.9	247.9	1379.8	86.6	80.4	3987.0	724.9	11683.3	1096.2	149.4	138.1	65.9	3085.0	55.9	1827.4	4763.3	67.9	204.6	68.0	211.8	8159.6	106.5	282.1	224.6	50.9	6156.7	5869.3	446.4	2515.1	2030.1	155.8	313.9	44.8	98.6	38.0	3324.1	16405.8	217325.7	22213.8	38.1	865.5	6940.3	105.4	293.0	637.8	117.7	13790.5	58.2	51.4	94.3	16919.3	2028.6	7958.3	49.5	1539.5	133.8	5965.2	446.1	755.7	2375.7	7830.6	1260.8	2922.1	2232.6	1597.2	13514.7	125.3	52.9	63.7	70.2	67.5	662.3	72.8	279.7
20	323.7	289.6	5441.1	2593.3	25293.0	20263.4	69.8	10032.5	1522.0	48.3	859.3	4709.4	183.9	885.5	41.7	4313.6	1275.0	1130.6	44397.4	308.3	500.5	23155.7	47113.7	4387.2	3492.7	2441.9	338.7	74.0	2724.0	1609.0	5909.5	50.7	1713.8	48.2	11613.7	36.9	47247.4	36.9	6901.6	45.1	56.4	2320.7	76.6	1588.1	157.4	3298.5	61.5	18784.6	2162.7	59.5	1478.8	33469.7	1385.6	27167.1	43.5	1275.6	55.8		644.5	1516.3	12819.6	256.9	2223.5	86.6	132.1	4002.7	554.6	8718.6	2118.5	150.4	140.5	66.7	3723.8	57.0	1409.1	4311.5	55.5	130.6	62.3	106.0	8513.6	204.7	317.4	313.9	48.7	5086.8	5119.5	392.0	2764.2	1860.7	156.3	486.2	45.3	100.2	37.5	3596.2	18579.0	221195.5	23423.0	38.2	729.2	5913.6	102.6	269.2	600.8	129.0	9597.6	58.4	51.8	95.3	15150.8	2396.2	7567.6	50.0	1146.3	138.1	6947.5	392.2	596.9	1633.1	7097.4	993.0	2279.6	1741.8	2628.2	16262.1	142.1	53.1	64.8	70.7	65.6	882.4	72.7	280.3
21	422.8	259.1	5217.3	2047.2	27239.9	18742.4	68.8	10617.0	2205.6	48.4	838.2	4288.7	347.2	573.5	41.0	4139.6	1249.7	1373.0	34199.0	224.1	449.4	22496.8	41396.3	4159.2	3764.2	2081.0	326.0	73.9	2874.9	1431.0	6053.0	50.5	1856.9	48.1	10571.9	36.9	29389.8	37.0	6897.2	45.1	56.4	2041.1	72.9	1503.4	122.0	2728.3	61.3	12849.2	2547.8	63.9	1001.9	29799.6	1485.2	41181.5	43.3	1404.8	55.4		675.4	1076.8	15210.7	257.3	1620.0	82.7	148.1	4448.1	658.8	9600.9	3354.6	150.5	135.7	62.9	3449.2	56.9	1382.8	4985.1	56.2	130.7	62.4	120.8	10041.7	105.8	259.8	238.2	48.6	5299.5	5312.5	321.5	1823.3	1728.1	139.5	865.3	45.3	99.1	38.1	3888.2	18046.5	223118.0	23926.9	38.2	711.1	7280.9	102.3	310.8	600.2	115.9	10508.4	58.3	51.7	96.3	15494.8	1945.3	5969.9	50.0	1176.1	173.4	6374.4	444.3	510.0	1719.2	7530.1	1060.3	2659.9	1982.1	2544.4	15527.1	143.3	52.8	63.9	84.9	94.1	559.6	78.9	309.4
22	1240.3	271.8	6431.1	1961.8	22177.8	16074.0	70.7	9802.7	2677.7	48.7	861.7	3493.3	70.0	577.7	41.2	3575.6	1058.8	1325.3	23726.6	309.8	358.7	21516.2	42088.3	3850.7	3746.1	2200.7	407.9	75.1	2317.0	1387.2	6028.7	51.3	2336.7	48.8	12177.1	37.1	14818.0	37.1	5603.4	45.6	56.7	1976.1	60.7	1559.9	222.4	3116.2	63.1	13612.1	1945.6	53.4	1013.5	25909.7	1201.8	59635.2	43.3	1467.5	56.4		481.7	1568.2	15139.3	259.2	1077.6	89.2	101.2	3912.1	406.8	9270.3	1467.6	146.3	142.3	66.7	3125.8	57.2	1329.5	4428.7	55.0	172.4	64.2	119.5	8100.7	118.4	282.1	165.2	49.1	4946.5	5593.8	395.0	2338.8	1492.9	156.7	365.4	47.5	117.0	38.3	3360.1	20519.7	235123.2	22746.0	38.5	700.3	5584.1	104.3	513.8	504.9	121.7	8542.7	63.5	52.5	110.5	16386.2	2466.3	5098.5	50.6	1188.7	151.4	6633.3	448.7	538.9	1755.3	7840.5	997.5	3029.3	1945.5	3257.7	13368.2	144.8	53.3	65.6	72.5	67.7	760.2	84.4	281.7
23	1555.1	262.3	7102.9	2216.9	24772.7	21574.9	71.6	8670.4	3460.2	49.0	908.3	3313.2	56.1	495.0	41.5	4124.3	1260.8	1330.4	19209.2	301.5	464.2	24794.2	46808.4	4265.5	4137.7	1927.6	329.4	74.5	3211.6	1813.7	5439.3	51.5	2106.2	49.0	13040.6	37.2	6831.2	37.3	6313.1	46.0	78.4	2070.7	69.0	1546.2	120.9	3158.6	63.0	10932.1	2493.7	55.1	1116.6	29053.8	1596.5	60235.5	43.6	1337.8	56.6		462.7	1309.3	18847.7	321.5	1161.6	90.7	81.9	3856.2	441.6	9597.2	1747.5	152.4	140.7	64.8	3970.8	57.4	1536.7	4394.4	56.5	196.7	64.3	133.2	6856.2	137.5	276.7	226.3	49.0	5065.0	6325.2	396.5	2459.8	1885.2	154.7	464.8	46.0	103.0	38.4	3476.9	18467.4	225810.7	19914.6	38.7	786.4	7064.6	104.0	567.9	614.4	139.5	9602.4	58.4	52.8	98.1	17123.6	2240.7	6016.6	50.6	1182.8	134.8	6778.8	424.6	416.8	1565.6	7841.3	853.2	2523.0	1745.9	2268.4	13388.9	160.0	53.7	72.3	72.7	74.7	617.6	77.1	282.5
24	2093.8	262.3	8937.4	2711.1	25248.0	17005.0	73.6	8530.7	3215.4	49.5	847.1	3659.0	56.4	506.7	42.6	3783.1	673.0	1423.1	20146.2	283.5	364.4	22836.6	49950.4	4098.3	3377.1	2003.1	446.3	74.8	2856.9	1851.3	4454.2	52.0	3123.6	49.2	12593.2	37.8	5132.3	37.4	5970.2	46.2	56.3	2204.8	84.9	1716.3	122.4	3217.8	64.2	11381.5	2341.2	53.9	995.2	27830.2	1247.8	65499.4	43.9	1047.6	57.6		677.5	1229.3	16056.2	263.1	695.5	95.8	81.4	4597.0	356.7	11495.6	1301.7	128.3	141.2	67.3	3894.8	58.8	1295.7	4518.3	56.9	160.4	88.1	122.5	8003.2	107.3	290.3	166.4	49.4	5320.7	5734.8	398.4	2972.5	1774.0	158.0	906.4	46.3	104.4	38.7	2818.9	17829.9	218921.9	19472.8	38.7	997.7	6537.1	106.8	549.9	359.8	123.7	10733.4	58.9	53.4	99.5	16177.9	1551.5	7020.1	51.3	1182.0	303.2	6512.3	387.8	275.2	1503.3	7833.4	1006.7	2301.6	1596.0	2254.1	13340.9	216.3	54.3	67.1	73.8	78.1	546.5	89.0	283.9
