	BMAL1 (ARNTL)	CLOCK	CRY1	CRY2	CSNK2B	DEC1 (BHLHB2)	NPAS2	CIPC (KIAA1737)	RORC	DEC2 (BHLHB3)	PPP2R5D	PPP2R5E	PER2	PER1	CSNK1E	PPP1CC	CSNK2A1	CSNK2A2	NR1D2	EZH2	FBXL15	PPP1CA	PPP1CB	PPP2R1A	PPP2R1B	GSK3B	FBXW11	NONO	WDR5	CSNK1D	PPP2CA	RORB	NFIL3	RASD1	PRKACA	BMAL2 (ARNTL2)	DBP	RORA	PPP2CB	PER3	TIMELESS (TIM)	PPP5C	PRKCA	BTRC	NR1D1	FBXL3	NR0B1	AHR	AKT1	AR	EP300	EPAS1	HIF1A	HSP90AA1	KAT2B	HLF	NPAS4	ATRX	CA2	CEBPA	CEBPG	CHD4	CHEK1	CREBBP	CREM	TEF	DDB1	DDIT3	DNMT1	DNMT3A	DNMT3B	DR1	ATN1	E2F6	HDAC1	HDAC2	PML	RARA	VAV1	EED	SUZ12	POLA2	PHF1	GNAI1	GNAI2	GNB1	HCFC1	MCC	MEN1	MLL	MYC	MYOD1	BATF	CREB3L1	CREB3	NME1	NME2	PCNA	POLR2A	PXN	SFPQ	SPI1	VCL	PSPC1	NOS1	RXRA	NCOA3	GPRASP1	MED1	PSMC5	RBBP5	NCOA2	LMO3	NCOA1	NRIP2	SP1	STAT3	UBE2I	CUL4B	CUL4A	TREX1	TIPIN	ASH2L	WDR57	NCOR1	NCOR2	NR2E3	NOS1AP	NCOA5	PASK	HCFC2	DTL	GRWD1
18	3154.0	1926.75	9772.3	2704.3	24271.3	11216.6	60.75	3210.066666666666	4516.450000000001	50.849999999999994	854.1	5370.06	733.6333333333333	471.7	89.66666666666667	29177.25	2382.9666666666667	1454.1166666666666	6596.5	305.1	362.5	24274.3	17654.875	14203.0	4340.9	1532.3499999999997	8312.98	6717.974999999999	1783.1	5938.4	12544.233333333332	69.93333333333334	4148.9	47.5	7323.55	55.050000000000004	1630.15	4785.411111111111	2823.25	167.41666666666666	52.75	2737.4666666666667	90.63333333333333	374.02000000000004	110.8	1799.7	60.3	6859.650000000001	925.0750000000002	179.53333333333333	1049.3	14333.199999999999	3842.075	46182.7	10966.266666666668	3088.35	55.0	2158.742857142857	1284.0	16774.5	3243.2333333333336	2788.2666666666664	73.82000000000001	1478.8000000000002	1554.25	3506.3333333333335	11474.5	652.95	509.96666666666664	134.11999999999998	215.8	2126.7	56.2	712.1	4613.3	2537.266666666667	241.33333333333334	62.3	86.4	3737.65	1916.8400000000001	141.6	238.0	135.23333333333332	6869.65	3150.8333333333335	924.8333333333334	830.925	843.6333333333333	234.3	476.0	42.1	99.4	37.7	3575.325	25874.9	215724.4	20381.8	176.85	2357.6666666666665	3736.0166666666664	101.7	5411.1	309.5	68.3	3562.066666666666	766.0	67.44999999999999	1045.3	17746.1	2343.8	2075.775	49.8	1085.2333333333333	95.03333333333335	4924.0	3119.0750000000003	2347.9000000000005	1875.55	6793.6	983.5	2308.1	952.6500000000001	1353.05	4552.499999999999	467.3	51.9	74.1	88.5	62.6	924.4	59.54999999999999	947.2666666666668
19	4113.3	2102.3	11662.4	2643.1	22488.3	11929.4	70.15	3271.2999999999997	2929.1	51.55	853.3	5145.640000000001	331.6	492.9	98.53333333333335	32722.899999999998	2374.6333333333337	1528.8333333333333	6255.450000000001	309.9	394.9	24112.6	16737.775	14624.380000000001	4510.8	1439.8999999999999	9913.039999999999	7285.349999999999	1558.3000000000002	6266.24	13072.566666666668	68.6	4317.8	48.0	5944.25	54.85	1311.3999999999999	5324.933333333333	3025.85	112.51666666666667	53.400000000000006	2550.1	87.5	352.62	111.1	2352.9333333333334	60.8	6652.349999999999	785.475	187.20000000000002	917.7	13219.8	3795.175	44915.42	12320.1	2482.75	55.6	2309.1142857142854	1286.9	14557.4	3167.0	3219.433333333333	74.3	1475.625	1883.8750000000002	2837.7000000000003	8085.5	675.5500000000001	492.8666666666666	108.55999999999999	151.25	2134.7	55.3	717.55	4122.2	2521.266666666667	308.5	63.0	107.55000000000001	3907.65	1923.8799999999999	127.16666666666667	182.0	201.1	6767.75	3104.8333333333335	908.3666666666668	912.8499999999999	817.3000000000001	219.55	863.2	42.400000000000006	100.8	37.5	3976.1000000000004	29341.0	228795.4	23359.7	145.95	2188.7000000000003	3526.933333333333	102.0	4498.55	267.15	70.475	3492.4	661.7	65.3	948.7714285714286	18718.0	2239.1	2009.5000000000002	49.6	1070.7	90.43333333333332	4688.766666666666	3458.625	2264.9	2226.1499999999996	6199.9	986.9	2877.1	1268.3999999999999	1346.3999999999999	4469.183333333333	446.29999999999995	52.5	73.95	114.9	66.9	1061.1000000000001	60.333333333333336	755.5666666666667
20	3470.5	2541.725	10140.0	2366.5	23279.2	9554.4	63.15	2715.9333333333334	3459.0	51.3	826.6	5264.9800000000005	217.76666666666665	474.7	94.39999999999999	29394.75	2484.5333333333333	1384.5833333333333	5244.35	294.0	555.1	25610.3	17812.775	13617.419999999998	4147.8	1412.25	9054.499999999998	7101.999999999999	1685.6	5870.22	12513.199999999999	69.46666666666665	5089.7	47.7	6399.2	56.0	1002.5	6040.644444444445	3119.3	109.53333333333335	53.3	2806.066666666667	95.23333333333333	336.92	111.0	2499.7999999999997	61.3	7330.2	907.6	188.96666666666667	941.1	12342.35	3373.125	46126.36	12244.133333333333	2686.7000000000003	55.2	2083.557142857143	1370.8	17500.7	3170.133333333333	2944.866666666667	73.91999999999999	1407.1499999999999	1999.8500000000001	2756.8333333333335	9608.2	599.7	459.4666666666667	104.32000000000001	176.0	2398.35	55.8	822.8	3840.5	2403.633333333333	235.4	61.2	108.14999999999999	3676.75	2071.3599999999997	152.89999999999998	237.8	211.4	6472.35	3303.433333333333	808.0666666666666	1005.7750000000001	828.5333333333333	229.3	698.5	42.25	97.7	37.4	3954.1749999999997	28216.6	232116.6	23793.7	146.8	2069.3666666666663	3020.1	102.0	3988.8999999999996	223.10000000000002	69.775	3811.4666666666667	607.2	64.6	871.9571428571431	18873.6	2137.8	2215.9249999999997	49.8	1059.8	75.89999999999999	5299.933333333333	3396.275	2043.7714285714285	2111.8	6101.9	984.9	2672.6	1189.9499999999998	1113.3	4095.4166666666665	401.79999999999995	52.8	73.25	71.0	74.4	1065.1333333333332	59.68333333333333	671.5666666666667
21	4860.3	2284.5	11540.6	2208.3	22350.8	11547.7	89.1	2856.2666666666664	3779.3	51.7	807.5	4688.26	153.63333333333333	556.2	88.66666666666667	31122.7	2446.9999999999995	1497.6000000000001	4764.65	287.2	322.5	25154.3	18158.05	13787.48	5257.2	1213.6666666666667	8057.0599999999995	7322.225	1772.2	6215.68	12255.299999999997	70.5	4628.5	48.1	6252.35	55.099999999999994	717.4	5857.81111111111	2982.05	118.60000000000002	53.599999999999994	2476.5000000000005	88.03333333333335	368.30000000000007	120.7	2526.1666666666665	61.1	8273.7	737.9	188.13333333333333	842.4	12130.25	3793.175	35967.119999999995	13073.333333333334	2318.75	55.8	2150.7	1586.0	13851.6	2937.7666666666664	2175.8333333333335	74.92	1238.275	2017.95	2175.6	8834.3	599.25	467.4666666666667	106.58000000000001	214.64999999999998	2603.3	56.7	665.0	4314.0	2367.366666666667	289.53333333333336	63.8	77.9	4090.15	1884.8800000000003	124.43333333333332	221.6	190.73333333333335	5911.35	3068.1666666666665	783.7666666666668	1299.55	754.7666666666668	284.20000000000005	858.1	42.45	99.8	38.1	3744.025	26521.25	223204.4	22368.9	151.55	2173.9333333333334	2976.7666666666664	102.3	3866.7000000000003	288.15	69.675	3613.8666666666663	473.8	65.65	942.7857142857143	18125.7	2352.2	1998.25	49.6	960.3333333333334	93.56666666666666	5606.366666666666	3640.6500000000005	2156.7	2395.45	5948.2	991.7	2775.8	943.1999999999999	1223.95	4536.316666666667	359.35	52.5	74.2	71.3	67.2	954.2666666666668	60.466666666666676	714.2000000000002
22	4246.7	2197.05	8737.1	2336.2	24476.2	9691.3	116.75	3106.933333333333	3478.8500000000004	51.6	876.4	4578.539999999999	180.86666666666667	480.5	91.26666666666667	30687.15	2552.233333333333	1670.0	3791.6000000000004	317.0	411.4	26278.0	17419.100000000002	16257.62	4662.7	1449.2	9006.18	7171.2	1912.6	5999.639999999999	12269.199999999999	69.3	5392.3	47.2	6812.35	66.15	597.9	5066.655555555556	3029.0	109.21666666666665	51.95	2650.933333333333	85.2	359.41999999999996	118.3	2219.2999999999997	58.3	5599.2	865.6750000000001	191.70000000000002	1128.0	13780.050000000001	3588.2250000000004	30373.180000000004	11939.833333333334	2527.9500000000003	53.7	1926.6142857142856	1417.9	20126.6	3105.9	3487.433333333333	70.66	1834.125	2113.9249999999997	2105.2999999999997	10917.2	503.95	434.1666666666667	123.0	434.4	1778.9	67.7	679.3000000000001	4175.2	2323.933333333333	318.0	59.3	84.35	4001.4500000000003	2027.2399999999998	128.83333333333334	299.9	226.1	7422.450000000001	3094.9	1041.2666666666667	937.475	836.3666666666668	451.95	928.9	41.35	99.9	37.5	3584.775	28350.9	228848.2	20234.2	211.60000000000002	2282.866666666667	3140.0	100.4	4175.95	252.04999999999998	67.375	4651.033333333333	993.1	68.6	1107.9	18836.5	2657.4	1990.975	48.0	1123.3999999999999	117.93333333333332	5566.2	4419.049999999999	2300.5142857142855	2006.1	5458.8	970.2	2782.0	1112.25	1299.05	5044.266666666666	507.5	50.7	82.94999999999999	104.7	71.6	985.8333333333334	57.75	835.1666666666666
23	5206.7	2984.775	10106.8	1495.0	21077.9	14431.5	273.45	3503.7666666666664	2063.1	51.599999999999994	886.4	5325.640000000001	206.73333333333335	444.5	87.76666666666667	31407.35	2647.5333333333333	1724.4333333333336	2284.0	287.8	325.1	25635.0	18489.475000000002	15365.640000000003	4617.6	1410.8999999999999	9589.500000000002	7179.575	1956.55	5766.360000000001	12569.266666666668	70.86666666666666	4002.9	48.0	8482.15	56.050000000000004	318.34999999999997	4670.322222222222	2967.7000000000003	101.86666666666666	53.25	2583.4666666666667	85.33333333333333	347.56	120.6	1660.5333333333335	61.0	7606.65	827.2	187.63333333333333	1379.2	13562.3	3750.275	30183.46	13216.199999999999	2673.8	55.1	2341.657142857143	1124.5	18372.4	2935.566666666667	3528.1	74.88000000000001	1723.625	1909.875	1483.4333333333334	9524.9	991.1999999999999	502.03333333333336	113.62	500.15	2382.65	57.2	666.75	4138.6	2696.3333333333335	264.59999999999997	62.9	75.19999999999999	4435.8	2084.4800000000005	123.96666666666665	390.9	213.73333333333335	6189.6	3394.433333333333	1114.5666666666668	957.85	833.7666666666668	447.25	741.6	42.25	97.4	38.2	3500.475	26901.25	225240.4	17594.5	200.35000000000002	2477.9	4096.95	102.3	3777.75	297.55	85.35	3869.8999999999996	623.5	72.05000000000001	1188.457142857143	17210.9	3062.0	2400.775	49.6	1116.4333333333334	103.39999999999999	4842.933333333333	4107.15	2420.828571428571	1827.1999999999998	6499.5	990.6	2201.1	1017.55	1375.75	5642.083333333335	502.29999999999995	53.0	83.4	97.7	65.1	1042.1666666666667	60.68333333333334	816.3333333333334
24	4209.0	3024.95	9035.8	1571.9	18864.3	5672.1	327.85	3404.433333333333	1742.45	50.35	787.3	5310.12	184.20000000000002	415.4	94.03333333333335	31352.350000000002	2465.9500000000003	1529.9166666666667	1919.3	318.5	345.8	22733.7	20520.275	16143.619999999999	4561.1	1401.95	10183.38	7403.575000000001	1881.7	6137.04	12832.266666666668	69.86666666666666	5287.7	47.6	8119.25	54.55	229.7	3974.4000000000005	2752.25	92.61666666666667	62.65	2171.7999999999997	74.3	357.5	110.3	1471.3666666666668	59.4	8770.349999999999	763.35	169.33333333333334	1102.4	12071.35	3504.1	30791.340000000004	12643.699999999999	2694.6	54.4	2254.014285714286	1388.3	16131.0	2704.633333333333	3513.1666666666665	71.54	1252.075	1490.325	963.4	8857.1	949.9	418.99999999999994	109.7	377.05	2292.85	54.9	732.8	3447.2	2633.4333333333334	309.06666666666666	60.6	94.85	4406.55	1695.1	126.13333333333334	276.6	241.9	6576.45	2749.3666666666663	1028.7666666666667	708.25	806.0	344.0	399.0	41.849999999999994	95.7	37.6	3725.0000000000005	26843.85	233903.5	18692.3	247.55	2507.9666666666667	3611.033333333333	101.2	3879.7	343.59999999999997	68.5	3731.566666666666	668.6	79.85	1088.685714285714	16639.7	2752.7	2350.8500000000004	48.6	1041.6333333333334	99.89999999999999	4913.766666666666	3319.6749999999997	2285.2	1999.8	6308.4	1010.7	3042.8	903.0500000000001	1995.75	5393.7	455.85	52.4	73.8	128.4	64.7	1233.2	60.03333333333333	851.8333333333334
25	5264.8	2430.625	6777.9	1187.9	20034.4	2835.5	237.25	2719.133333333333	1329.4	52.5	850.0	5032.58	107.39999999999999	491.0	94.73333333333333	30778.6	2205.7166666666667	1458.6166666666666	1816.1	310.8	323.4	25383.7	20934.2	16310.340000000002	4253.9	1081.65	10164.2	7277.900000000001	1621.85	5852.3	12878.966666666667	72.56666666666666	5842.4	48.9	8220.15	57.7	222.95	3485.3555555555554	2954.3500000000004	104.48333333333333	54.099999999999994	2315.7999999999997	103.8	342.1	121.7	1702.3333333333333	62.7	9406.7	713.775	148.23333333333332	963.4	9687.050000000001	3143.85	31393.8	11934.300000000001	1781.9	56.2	1865.2571428571428	1454.8	13817.5	2578.9666666666667	2502.2666666666664	76.54	925.1999999999999	1746.325	585.6666666666666	7038.6	989.75	474.23333333333335	107.42	243.15	3030.8	56.8	536.95	4200.3	2634.3666666666663	216.23333333333335	64.3	101.65	4302.9	1576.06	127.53333333333335	226.6	270.8333333333333	6931.8	2571.4666666666667	799.8333333333334	839.575	867.6999999999999	229.65	314.5	43.0	108.5	38.4	4140.4	27652.050000000003	226973.2	19705.4	178.65	2140.9999999999995	3299.6666666666665	108.6	3178.9	366.6	76.375	2887.933333333333	515.35	66.4	951.757142857143	14924.9	2429.2	2110.2000000000003	50.6	949.3000000000001	96.63333333333333	4380.033333333334	2658.8250000000003	2231.985714285714	2037.9	6431.8	1000.3	2505.8	1002.5	2348.85	3942.933333333334	412.3	53.5	70.4	85.4	67.1	1162.3999999999999	61.71666666666667	1009.7333333333335
26	4122.4	2978.25	5963.3	2208.5	20146.6	3147.5	424.05	3129.2666666666664	1311.25	50.5	1095.7	6193.56	178.16666666666666	440.4	82.23333333333333	31537.25	2816.65	1958.6166666666666	6663.75	300.8	403.5	23029.6	17435.6	18973.14	4593.3	1868.05	11215.2	7704.075000000001	2012.85	5986.18	13317.466666666665	68.66666666666667	8427.3	46.2	8608.65	54.4	398.1	5764.066666666667	2773.35	86.41666666666667	52.5	2897.4666666666667	98.2	356.94	429.5	1875.1666666666667	59.7	9545.0	827.425	158.1	1296.6	12917.7	3573.5249999999996	37517.740000000005	13535.266666666668	2784.4	53.0	2170.0714285714284	1362.5	20368.3	2655.7999999999997	3573.9	71.44000000000001	2098.125	1204.525	1130.8333333333333	10390.7	796.7	656.9	146.44	380.34999999999997	1828.5500000000002	64.2	698.75	4200.9	2797.366666666667	352.5	59.2	80.85	3628.8500000000004	1965.6	124.80000000000001	356.4	236.99999999999997	8164.5	3285.1666666666665	1278.5333333333333	920.475	1057.7	620.85	729.8	41.25	97.4	37.4	4174.175	26434.0	242005.9	15514.2	345.55	2890.8333333333335	3471.1166666666663	100.2	4262.4	327.1	68.125	4780.366666666667	899.8499999999999	64.0	1319.685714285714	17925.8	2657.4	2703.925	49.0	1501.8	84.13333333333333	5708.599999999999	4198.525000000001	2317.2	1878.05	5676.1	967.9	2623.1	840.5	1471.35	5799.166666666667	785.2	50.6	71.25	135.2	72.7	1083.3333333333333	58.449999999999996	811.5333333333333
27	2453.7	2708.725	3174.0	2167.1	20001.9	5091.8	224.4	2832.0333333333333	1185.9	50.150000000000006	993.7	5763.1	122.06666666666668	187.8	86.0	35459.15	2957.333333333334	2159.666666666667	13098.45	409.9	321.2	21247.6	16678.675	19118.88	5379.8	1728.2333333333333	10563.079999999998	8123.899999999999	2176.15	5460.820000000001	12979.199999999999	69.23333333333333	4673.8	46.8	8461.4	54.45	2185.9	5340.2555555555555	2756.45	118.31666666666668	52.85	2674.1	145.16666666666666	355.85999999999996	1279.1	1766.0666666666666	59.5	7080.849999999999	833.6999999999999	318.03333333333336	1328.4	13348.550000000001	3840.25	27353.18	14979.766666666668	3120.75	54.9	2374.928571428572	1161.6	24495.6	2666.133333333333	4108.099999999999	71.22	2406.1499999999996	1370.55	2386.5	10919.5	609.3499999999999	560.5	195.4	399.84999999999997	2076.1	65.7	553.0	4079.3	3273.7333333333336	369.6333333333334	61.4	84.55000000000001	4036.8	2145.0	125.53333333333335	478.7	215.30000000000004	7210.15	3300.1666666666665	1291.0333333333333	982.55	855.4666666666667	528.5	348.0	41.5	94.1	37.5	3968.65	24828.15	203605.2	13801.7	430.25	2869.4666666666667	3935.2000000000007	100.9	3901.7	386.5	67.65	5943.466666666666	887.45	114.3	1161.9142857142856	21553.4	2344.0	3334.7249999999995	49.3	1734.7333333333333	97.53333333333335	6224.099999999999	5236.375	2617.4285714285716	1881.15	5736.1	972.6	2751.7	1132.75	1318.85	6791.533333333333	863.1999999999999	52.2	76.0	98.6	66.2	1027.9333333333334	61.283333333333324	682.5666666666666
28	1978.9	2619.6000000000004	1526.2	1516.9	17503.9	3584.7	78.25	2374.7999999999997	990.65	51.25	550.1	4077.1799999999994	103.83333333333333	290.3	86.39999999999999	35374.9	2868.5	1457.3000000000002	17023.25	473.0	337.9	18745.1	18265.725000000002	14557.76	4327.4	1215.4333333333334	9841.02	7962.375	1651.3000000000002	5119.24	12284.4	69.63333333333333	3035.2	47.7	6505.95	55.7	4957.849999999999	4910.599999999999	2883.25	118.63333333333333	53.25	2255.233333333333	90.56666666666668	414.8	865.8	2068.4333333333334	61.0	6811.7	650.375	153.4333333333333	1171.7	10344.5	3287.925	31400.879999999997	12967.4	2417.4500000000003	55.5	2193.0142857142855	1292.7	17528.9	2800.933333333333	2825.366666666667	73.0	1499.9499999999998	1824.4500000000003	2491.6666666666665	7844.9	526.55	424.13333333333327	116.9	177.3	1640.0	70.2	788.3	4152.3	2516.9666666666667	222.29999999999998	61.1	85.7	4076.2000000000003	1844.1200000000001	126.66666666666667	258.6	230.76666666666665	6613.7	2872.9	884.1	894.3750000000001	730.0	382.4	479.0	42.05	96.7	37.8	4614.200000000001	28713.75	252993.6	20947.6	213.95	2572.7000000000003	2597.766666666667	101.7	3468.5	335.95	70.525	3545.433333333333	718.15	74.3	1039.5285714285715	17276.2	2480.1	2416.55	49.7	1124.2333333333333	148.56666666666666	5602.100000000001	3557.15	2162.985714285714	2213.6	5854.2	981.1	3836.2	932.65	1367.65	4970.316666666667	474.15	52.7	74.4	69.5	64.8	1093.9666666666667	59.81666666666666	628.6
29	1470.5	2087.425	1530.6	2026.8	24115.2	9486.8	62.9	2172.2666666666664	1008.1500000000001	51.65	1077.6	4210.339999999999	122.16666666666667	463.8	84.89999999999999	34484.15	2472.1	1564.4833333333336	19971.3	286.5	322.5	26260.6	19963.524999999998	17726.920000000002	4744.0	1122.8	9915.699999999999	7716.824999999999	1952.6	5999.3	13096.666666666666	70.33333333333333	2380.1	47.7	7649.65	55.65	11452.300000000001	3641.2999999999997	3348.3	111.60000000000001	53.25	2367.1666666666665	113.46666666666665	403.96	1875.2	2540.9	61.0	6970.3	747.3499999999999	146.63333333333335	952.5	11491.0	4020.0	28897.24	14214.566666666666	2083.45	55.0	1644.9714285714283	1170.7	15363.6	2285.766666666667	2667.366666666667	74.54	1311.6	1981.3000000000002	2217.1	8365.5	662.15	445.93333333333334	113.67999999999999	129.65	2546.4	55.9	645.1999999999999	4375.5	2413.1666666666665	248.86666666666665	62.7	85.55	4389.05	1834.5600000000002	137.93333333333334	229.7	177.9333333333333	7417.1	2955.533333333333	850.0333333333333	782.8	809.0666666666666	201.39999999999998	359.4	42.2	98.5	37.8	4432.975	26156.5	226447.4	22229.3	184.54999999999998	2649.4666666666667	2195.383333333333	101.7	3344.1	333.15000000000003	69.25	4047.5333333333333	496.55	65.15	950.7428571428571	19111.9	2648.6	2608.5	49.7	1065.8999999999999	102.63333333333334	4942.833333333333	3363.9	2340.3142857142857	2469.6	6156.3	983.8	3578.8	1405.8	1449.6499999999999	3999.8000000000006	421.5	52.3	73.8	70.1	72.1	999.1333333333333	61.26666666666666	676.3333333333334
30	650.9	1640.375	1340.9	2128.2	26081.8	14185.1	64.3	2191.4	1072.4	52.25	776.4	5704.820000000001	152.16666666666666	486.4	88.03333333333332	35316.549999999996	2369.6833333333334	1645.75	24834.25	340.8	323.8	30979.0	20521.324999999997	16407.64	5145.6	1269.1333333333334	9926.039999999999	7229.150000000001	1881.65	6482.339999999999	12734.433333333332	70.66666666666667	1407.3	48.4	7617.45	56.8	31938.699999999997	3916.8999999999996	3809.5499999999997	131.81666666666666	56.1	2723.7333333333336	93.76666666666665	405.71999999999997	2352.8	2846.9	62.0	7337.099999999999	866.825	180.4666666666667	1043.1	12897.9	3903.7250000000004	19286.120000000003	16828.93333333333	2531.7	55.9	1727.642857142857	1260.6	18204.8	2317.9	2249.7999999999997	75.82000000000001	1341.0	1541.025	3280.9666666666667	9185.8	655.1999999999999	493.03333333333336	116.28	76.6	2652.6000000000004	57.1	734.75	4300.0	2128.3333333333335	222.4666666666667	63.8	86.5	4032.05	1865.4799999999996	127.86666666666667	241.3	312.73333333333335	6784.3	2955.6999999999994	869.1666666666666	926.0250000000001	746.8666666666667	242.75	491.7	42.85	112.5	38.2	4100.225	24675.1	212841.8	20465.9	177.85	3032.7666666666664	2266.7000000000003	103.5	3768.7	411.09999999999997	71.425	4395.433333333333	595.05	66.0	872.0	17067.8	2628.9	2649.0499999999997	50.2	1157.9333333333334	89.56666666666668	4767.533333333334	3685.25	2420.957142857143	2397.8500000000004	7068.9	996.1	2957.9	1204.75	1531.45	4297.650000000001	427.45000000000005	53.1	75.45	71.6	68.3	977.2666666666668	61.666666666666664	779.9
31	129.3	1516.825	1481.8	3320.7	22884.0	18930.7	62.25	2803.1666666666665	877.1	51.8	900.6	6847.280000000001	220.66666666666666	1020.9	89.23333333333333	37061.700000000004	2662.4	2144.4166666666665	26677.15	329.9	322.2	22852.0	18876.325	17029.559999999998	5181.5	1658.9166666666667	10306.62	7580.75	2043.25	5621.82	12798.533333333333	69.96666666666665	1107.1	48.1	8373.25	56.15	60315.0	5179.111111111111	2961.7999999999997	657.3000000000001	53.5	2628.8333333333335	94.63333333333333	355.02	3360.5	1994.9000000000003	61.7	6112.099999999999	708.5500000000001	199.53333333333333	1588.0	13810.9	3827.925	14592.48	16114.933333333332	4621.599999999999	55.6	2235.5	768.0	28378.8	2668.5333333333333	3070.7666666666664	74.14	2374.1	1192.75	6966.766666666666	10419.9	555.65	465.6666666666667	166.06	93.45	2209.6	57.1	666.4	3746.6	2704.6666666666665	288.03333333333336	63.1	77.30000000000001	3524.75	2030.56	127.39999999999999	485.0	235.86666666666665	8162.05	3114.766666666667	1041.9333333333334	1040.625	830.3666666666667	446.3	523.0	42.5	98.9	38.0	3528.475	20499.35	201924.9	14497.0	408.95	2850.3333333333335	4241.316666666667	102.1	3398.6499999999996	332.65	70.1	5950.333333333333	1091.6000000000001	60.25	1146.5571428571427	17405.2	2367.8	3151.6499999999996	50.0	1448.9333333333332	155.66666666666666	5954.066666666667	4825.15	2863.7571428571428	1765.3999999999999	6254.3	990.3	1925.7	1075.85	1318.4	5881.9833333333345	776.4499999999999	53.0	103.05	70.6	65.5	1097.1999999999998	60.95000000000001	730.6333333333333
32	126.4	1232.85	1730.7	3268.5	20497.1	16924.5	60.25	2983.933333333333	985.75	51.599999999999994	987.2	6928.4	311.90000000000003	612.9	89.96666666666665	38730.95	2651.883333333333	1832.8500000000001	33214.15	394.5	306.2	22950.3	20006.075	15337.86	4233.4	1622.2500000000002	9874.220000000001	7321.5	1820.0500000000002	5827.820000000001	11546.866666666667	73.36666666666666	1323.3	47.5	6409.25	55.349999999999994	57775.8	4884.0	3039.2999999999997	488.8500000000001	52.95	2631.5	93.96666666666665	372.17999999999995	2512.3	2034.9333333333332	59.9	8166.05	790.5	172.76666666666665	1168.9	14618.55	3829.975	14027.12	17052.2	4358.6	54.0	2382.714285714286	1029.8	26960.9	3080.3333333333335	2395.1333333333337	72.38	1794.35	1211.3	7610.966666666667	10612.1	595.65	434.0	175.24	93.25	1998.65	55.3	618.8	3722.8	2137.866666666667	226.33333333333334	60.4	74.15	3850.8	2016.2	136.93333333333337	302.3	238.4666666666667	7108.95	3030.8333333333335	907.9666666666666	1078.8249999999998	812.9666666666667	467.35	1186.6	41.9	96.8	37.6	3527.175	22571.050000000003	219745.3	17364.1	310.20000000000005	2606.9666666666667	3915.183333333334	101.1	3475.05	306.79999999999995	68.825	5787.900000000001	843.45	65.0	1108.0285714285715	15333.0	2367.9	3097.4	49.4	1348.7	119.69999999999999	5117.833333333333	5246.2	2332.5	2202.3	7544.4	975.7	2194.0	1020.4499999999999	1231.4	5787.233333333334	473.4	51.6	88.4	67.5	68.7	1130.9333333333332	59.45000000000001	762.2999999999998
33	146.8	807.45	2087.7	3513.2	20426.4	22355.8	63.05	3848.3333333333335	1146.65	52.7	915.7	7434.7	614.6	1182.0	92.53333333333335	39156.1	2442.7500000000005	1952.8500000000001	33684.450000000004	328.7	225.4	21253.6	24162.9	14700.220000000001	3939.8	1430.3500000000001	8942.98	7451.9	1843.9	5894.64	12036.566666666666	72.13333333333333	1226.2	49.2	7141.1	58.4	73991.4	4822.1	2812.85	968.3833333333332	54.35	2266.233333333333	112.93333333333334	348.94	1036.9	1869.6000000000001	63.2	7963.5	820.025	195.5666666666667	1282.5	16560.4	3686.675	14786.459999999997	18986.166666666668	5293.400000000001	56.8	2297.7142857142853	988.8	21986.7	2937.566666666667	2654.233333333333	77.46	1789.85	905.4999999999999	8171.166666666667	9640.0	655.9	434.8	129.46	96.4	2494.0	57.7	648.3000000000001	3323.9	2359.1666666666665	221.4666666666666	64.8	87.45	4182.099999999999	2105.2999999999997	143.0	430.5	201.13333333333333	7502.15	2862.2999999999997	1048.1000000000001	987.325	819.0999999999999	387.55	488.8	43.2	101.9	38.5	3478.5750000000003	20907.85	199515.5	15844.6	260.95	2612.7666666666664	4220.483333333334	103.4	3302.8500000000004	432.0	71.72500000000001	5015.066666666667	627.45	66.75	1325.1	15788.0	1874.3	3205.8	50.9	1073.8666666666668	93.43333333333332	5041.833333333333	3198.175	2366.042857142857	2153.55	8178.7	1003.9	2551.9	954.35	1345.2	5777.55	499.25	53.9	76.55	72.2	68.1	1062.4666666666665	62.150000000000006	807.3333333333334
34	131.2	742.75	1820.0	2359.1	26700.8	14648.1	62.5	2811.4	1035.95	52.3	1058.1	7042.9	362.46666666666664	818.1	98.96666666666668	40669.2	2409.2833333333333	1753.5	30297.75	308.1	323.6	25327.8	16507.625	18185.32	4256.7	1481.9333333333334	9948.039999999999	7110.300000000001	2122.65	6335.46	13222.966666666667	71.39999999999999	953.0	48.5	6626.5	58.099999999999994	62825.399999999994	3514.577777777778	3069.35	282.3666666666667	53.85	2535.3333333333335	98.23333333333333	344.52	921.2	2026.1666666666667	62.6	10453.550000000001	820.5749999999999	183.20000000000002	958.5	14685.0	3841.575	12783.6	18546.93333333333	3727.25	56.3	1583.3714285714284	1275.0	17697.6	2733.2666666666664	2191.366666666667	77.32000000000001	1408.125	1117.45	6255.433333333334	8812.6	675.7	443.6333333333334	107.52000000000001	96.80000000000001	2446.8	56.9	831.7	3781.2	2196.9666666666667	229.4333333333333	62.2	85.6	4361.799999999999	1937.4	124.66666666666667	238.1	310.59999999999997	7984.9	2707.1666666666665	964.1666666666666	655.2	768.3333333333334	220.75	872.9	42.8	106.3	38.1	4568.425	23976.15	214245.9	22078.5	192.0	2475.933333333333	2953.5833333333335	102.1	2923.2	335.15000000000003	73.725	4658.166666666667	548.8000000000001	62.5	1062.7857142857142	15909.5	2295.4	2636.725	50.1	1196.9333333333334	120.76666666666667	4397.666666666667	2645.05	2487.171428571429	2542.6499999999996	7913.4	1072.3	3648.0	1367.3500000000001	1348.75	4509.533333333333	422.0	53.3	75.6	71.4	67.4	1040.8666666666668	61.23333333333334	893.3333333333334
35	110.3	771.125	3193.9	2548.0	29496.2	22986.1	65.1	3456.366666666667	1459.45	51.05	846.5	6862.459999999999	589.3000000000001	534.4	92.3	39072.05	2470.3166666666666	1763.1666666666667	23105.800000000003	299.1	345.5	26109.1	17714.875	17448.559999999998	3560.7	1137.2	10206.14	6820.0	2000.25	5976.58	13425.066666666666	68.63333333333334	1465.5	48.1	7175.05	56.199999999999996	48658.6	3430.733333333333	3757.0	200.35	53.0	2750.1666666666665	95.2	410.98	313.9	1786.6333333333332	61.2	8071.599999999999	1155.95	187.20000000000002	1252.0	16923.5	3895.675	20449.379999999997	18158.9	3993.7	54.8	1730.6	1241.5	17970.1	3328.0333333333333	2364.6	74.5	1241.6	1304.375	6284.866666666666	10252.6	843.4499999999999	447.9333333333334	103.76000000000002	92.94999999999999	2391.2	58.7	797.45	4680.9	2266.9	223.23333333333335	62.6	83.6	3795.4	1873.0400000000002	123.56666666666666	300.5	321.09999999999997	7543.0	2832.433333333333	805.9	528.175	817.7999999999998	244.2	562.7	42.3	101.4	38.0	4966.625	24212.0	218678.9	23225.1	192.35	2365.266666666667	3050.8333333333335	102.1	2646.75	512.3	71.55000000000001	4938.8	767.1500000000001	55.150000000000006	1051.3428571428572	16002.0	2267.2	2274.25	49.3	1204.9333333333334	93.66666666666667	4069.1666666666665	3023.3500000000004	2434.4000000000005	2408.95	7607.9	1071.6	2824.5	1387.1	1339.5	4103.866666666666	554.0	52.1	73.8	70.1	61.9	1021.7666666666665	59.883333333333326	893.6999999999999
36	140.5	859.875	2658.8	2787.0	32308.3	18109.4	61.449999999999996	3253.8999999999996	1348.15	51.4	1187.6	6000.039999999999	385.09999999999997	672.1	95.03333333333335	37855.15	2558.6	1574.6500000000003	24477.850000000002	236.3	601.4	27178.3	19793.975000000002	14956.679999999998	4004.8	1240.9166666666667	9289.579999999998	6516.5	2150.3	5710.8	13378.266666666668	70.43333333333334	1496.6	48.0	5839.349999999999	56.4	41122.25	4070.755555555556	3760.75	218.29999999999998	53.349999999999994	2749.8333333333335	87.26666666666667	406.88	369.1	2167.1666666666665	60.9	11733.55	1136.075	298.40000000000003	922.8	16597.25	4166.325	16876.96	17390.566666666666	3773.5	55.0	1789.4428571428573	1853.3	18039.9	2813.9666666666667	2214.1333333333337	74.85999999999999	1141.825	1286.55	5911.333333333333	11683.3	586.7	402.73333333333335	106.6	95.2	2229.5	55.9	934.25	4763.3	2296.0666666666666	313.2666666666667	68.0	138.35000000000002	4107.650000000001	1942.2800000000002	127.06666666666666	224.6	250.5	7094.7	3143.3000000000006	1011.4	674.275	991.2333333333332	224.3	313.9	42.3	98.6	38.0	4293.174999999999	23057.85	217325.7	22213.8	196.75	2416.9333333333334	3401.0500000000006	105.4	2853.65	345.5	70.225	5360.966666666666	620.6	64.85	1167.7714285714285	16919.3	2028.6	2582.45	49.5	1123.4666666666667	94.33333333333333	4053.1	3676.25	2284.3142857142857	2564.7	7830.6	1260.8	2922.1	1159.0	935.2	4038.4	450.75	52.9	73.85	70.2	67.5	967.7666666666668	60.5	929.2666666666668
37	323.7	1008.3499999999999	5441.1	2593.3	25293.0	20263.4	61.849999999999994	3862.5	1496.9	52.099999999999994	859.3	7242.240000000001	727.9333333333334	885.5	87.2	38578.200000000004	2434.516666666667	1623.8333333333333	22816.95	308.3	500.5	23155.7	19054.249999999996	15415.079999999998	3492.7	1198.4833333333333	9749.039999999999	7072.124999999999	1666.1	5960.4	12794.533333333333	69.53333333333335	1713.8	48.2	6303.85	56.650000000000006	27158.3	3990.1666666666665	3484.5	246.86666666666667	53.7	2797.3333333333335	89.56666666666668	358.29999999999995	157.4	1722.1333333333332	61.5	9534.5	948.225	294.03333333333336	1478.8	17100.449999999997	3716.85	27559.6	16167.633333333331	3385.55	55.8	1727.6714285714286	1516.3	12819.6	3238.566666666666	2440.366666666667	75.26	1023.15	1325.125	5377.5	8718.6	1188.3	426.7666666666667	108.72	120.35	2582.25	57.0	725.15	4311.5	2323.2	175.20000000000002	62.3	78.85	4284.75	1696.6999999999996	139.0	313.9	331.56666666666666	7082.200000000001	2771.5	776.3000000000001	736.9	865.6999999999999	359.70000000000005	486.2	42.599999999999994	100.2	37.5	4799.425	23915.85	221195.5	23423.0	243.6	2468.4666666666667	3527.4833333333336	102.6	2632.9	327.15	73.375	3656.066666666667	737.9000000000001	66.05	1237.8	15150.8	2396.2	2349.7750000000005	50.0	1002.2666666666668	95.76666666666665	4077.933333333333	2670.475	2214.385714285714	2339.45	7097.4	993.0	2279.6	913.65	1439.1999999999998	4599.883333333333	514.9	53.1	74.94999999999999	70.7	65.6	1138.9333333333334	60.599999999999994	777.6999999999999
38	422.8	1255.9	5217.3	2047.2	27239.9	18742.4	61.65	4128.133333333333	1959.75	51.8	838.2	6108.480000000001	963.6999999999999	573.5	92.83333333333333	37751.25	2294.016666666667	1584.8666666666668	17539.4	224.1	449.4	22496.8	17872.975	13859.920000000002	3764.2	1156.05	8802.939999999999	7251.7750000000015	1786.5	5179.5199999999995	13503.066666666666	71.0	1856.9	48.1	5931.3	56.7	17611.05	3003.611111111111	3482.35	231.75	53.45	2607.9	91.56666666666666	341.1	122.0	1536.5	61.3	6566.75	1127.25	213.9333333333333	1001.9	15222.949999999999	4029.2749999999996	36984.659999999996	16693.9	3870.8	55.4	1683.1714285714284	1076.8	15210.7	3071.2666666666664	2132.233333333333	73.82000000000001	935.3	1490.7500000000002	4822.3	9600.9	1726.5	403.6333333333334	105.62	136.54999999999998	2467.45	56.9	717.15	4985.1	2342.566666666667	188.73333333333335	62.4	86.45	5048.85	1606.42	119.76666666666667	238.2	233.03333333333333	6511.8	2827.366666666667	734.1	501.9	845.8333333333334	217.05	865.3	42.599999999999994	99.1	38.1	4980.0	25499.3	223118.0	23926.9	177.29999999999998	2153.433333333334	3511.0	102.3	2706.1	326.85	70.025	4146.6	802.85	60.800000000000004	1133.6285714285716	15494.8	1945.3	1881.35	50.0	999.1999999999999	105.76666666666667	4017.2999999999997	2435.7	2350.9285714285716	2031.15	7530.1	1060.3	2659.9	1032.8	1565.75	4376.283333333332	519.9	52.8	74.45	84.9	94.1	984.4333333333333	61.53333333333334	979.1333333333333
39	1240.3	1441.625	6431.1	1961.8	22177.8	16074.0	62.6	3735.933333333334	2744.05	52.45	861.7	5153.660000000001	828.3000000000001	577.7	89.13333333333333	28319.85	2186.266666666667	1390.1833333333334	12150.699999999999	309.8	358.7	21516.2	18331.1	13909.74	3746.1	1096.8166666666668	9172.52	7024.549999999999	1509.45	5827.02	12649.733333333332	71.5	2336.7	48.8	6573.55	58.45	8767.2	3353.5555555555557	2835.85	195.83333333333334	54.0	2529.3666666666663	84.5	353.12	222.4	1597.1333333333332	63.1	6922.150000000001	921.15	189.9333333333333	1013.5	13310.2	3588.0	51994.6	12075.966666666667	3661.2	56.4	1460.1571428571428	1568.2	15139.3	2768.7999999999997	1647.2333333333333	78.16	766.2750000000001	1351.1	3783.6666666666665	9270.3	772.4	418.6666666666667	107.26000000000002	167.1	2076.25	57.2	685.95	4428.7	2420.0333333333333	216.46666666666667	64.2	85.9	4078.7	1446.66	127.7	165.2	249.30000000000004	6446.9	2898.933333333333	729.0666666666666	632.675	748.1999999999999	156.2	365.4	43.8	117.0	38.3	4374.925	28838.050000000003	235123.2	22746.0	168.25	1911.1999999999998	2774.7833333333333	104.3	3629.6	279.7	71.925	3300.8000000000006	598.5	66.6	1006.9000000000002	16386.2	2466.3	1647.125	50.6	867.5666666666666	102.10000000000001	3981.0	2082.7749999999996	1997.8285714285716	2038.9499999999998	7840.5	997.5	3029.3	1015.85	1827.85	3779.683333333334	444.5	53.3	75.69999999999999	72.5	67.7	956.6666666666666	63.51666666666667	769.2333333333332
40	1555.1	1571.25	7102.9	2216.9	24772.7	21574.9	63.4	3408.0333333333333	3153.8	52.65	908.3	4803.200000000001	799.5666666666667	495.0	88.36666666666667	29989.600000000002	2082.7833333333333	1432.1833333333334	9841.800000000001	301.5	464.2	24794.2	19871.0	13953.64	4137.7	1023.1833333333334	8876.600000000002	6624.325	2018.9	5747.3	12593.533333333333	72.0	2106.2	49.0	7295.85	57.75	3992.05	3588.533333333333	3190.9500000000003	161.5	64.9	2535.8333333333335	88.83333333333333	350.47999999999996	120.9	1799.8	63.0	5613.05	1046.5	174.5	1116.6	15034.65	4257.1	54400.8	11691.5	3271.25	56.6	1314.8285714285714	1309.3	18847.7	2813.2000000000003	1725.7333333333333	77.72	839.225	1295.875	3414.5333333333333	9597.2	913.5	436.2666666666667	108.14000000000001	135.7	2697.7	57.4	789.1	4394.4	2173.4	214.23333333333335	64.3	94.64999999999999	3456.5499999999997	1500.8799999999999	126.0	226.3	220.16666666666666	6652.25	3315.7333333333336	774.4333333333334	661.6750000000001	876.8000000000001	231.85	464.8	43.15	103.0	38.4	3859.1499999999996	25767.350000000002	225810.7	19914.6	171.6	2279.0666666666666	3086.8666666666672	104.0	4508.15	334.5	76.775	3793.5333333333333	500.84999999999997	66.5	936.6714285714286	17123.6	2240.7	1973.3750000000002	50.6	957.2666666666668	96.56666666666668	4168.733333333334	2756.0499999999997	2108.0857142857144	1856.95	7841.3	853.2	2523.0	918.45	1329.05	3840.25	453.5	53.7	79.1	72.7	74.7	790.4666666666667	66.23333333333333	1006.1
41	2093.8	1639.9499999999998	8937.4	2711.1	25248.0	17005.0	64.5	3272.3333333333335	2726.95	53.2	847.1	3716.3600000000006	494.0666666666666	506.7	94.10000000000001	27739.3	1835.4000000000003	1369.05	10343.1	283.5	364.4	22836.6	20732.1	14206.16	3377.1	968.2666666666665	8976.900000000001	6486.425	1907.15	5860.12	12635.133333333331	73.06666666666666	3123.6	49.2	7162.200000000001	59.3	3235.25	4317.7555555555555	3019.5499999999997	143.61666666666667	54.15	2878.2666666666664	93.66666666666667	384.72	122.4	1892.5333333333335	64.2	5836.7	1025.3999999999999	252.5666666666667	995.2	14365.550000000001	3850.7	54524.659999999996	11351.1	2722.75	57.6	1097.5142857142857	1229.3	16056.2	2794.966666666667	1692.7333333333333	79.82	828.0250000000001	1535.4499999999998	3181.4	11495.6	690.3000000000001	433.1666666666667	108.85999999999999	150.15	2615.75	58.8	668.75	4518.3	1942.0333333333335	258.76666666666665	88.1	87.9	4030.35	1274.94	130.93333333333334	166.4	241.9	6931.450000000001	3204.0333333333333	861.1	790.1	843.2666666666668	225.15	906.4	43.4	104.4	38.7	3707.8749999999995	25813.600000000002	218921.9	19472.8	154.29999999999998	2458.933333333333	2674.183333333334	106.8	4311.4	207.65	73.0	4192.366666666667	647.3000000000001	67.55	869.4571428571428	16177.9	1551.5	2201.525	51.3	974.6999999999999	155.79999999999998	4390.566666666667	3727.825	2027.5999999999997	1667.6999999999998	7833.4	1006.7	2301.6	841.5	1331.1499999999999	3884.083333333334	542.35	54.3	77.15	73.8	78.1	642.4666666666667	64.91666666666667	889.0333333333333
42	2637.4	1729.75	9548.7	2301.0	23611.1	13093.1	62.949999999999996	2899.9	3842.3	52.45	862.0	5967.32	659.9	489.4	97.56666666666666	27222.300000000003	2698.3666666666672	1457.1166666666666	8699.099999999999	288.7	406.4	20648.1	20435.350000000002	13621.52	3649.3	1239.35	8053.780000000001	7329.999999999999	1857.0	5955.000000000001	12288.199999999999	71.60000000000001	4720.3	48.5	7012.3	57.95	2047.6	4647.7444444444445	3015.1000000000004	120.83333333333331	60.8	2599.7000000000003	88.43333333333334	415.68	120.3	1926.4333333333332	62.3	5284.7	893.6250000000001	189.4	793.0	13073.0	3440.575	54956.06	10322.1	2814.8500000000004	56.3	1566.2714285714283	1340.0	15877.7	2950.0	2992.4	80.85999999999999	1146.425	1598.4499999999998	3041.6666666666665	9187.2	640.9000000000001	450.59999999999997	107.55999999999999	151.35	2321.45	56.9	879.95	4001.2	2606.0	242.1	63.9	87.75	4157.400000000001	1935.3999999999996	126.89999999999999	206.5	265.06666666666666	7336.0	3631.633333333333	707.2999999999998	758.7	961.2333333333332	224.45	1433.8	43.0	101.0	38.1	3834.95	27305.6	220633.7	21537.1	178.35	2170.3666666666663	3236.15	103.1	4211.400000000001	334.0	71.57499999999999	3333.933333333333	584.0500000000001	66.3	945.4428571428572	19387.2	2640.7	2014.8500000000001	50.4	823.4	126.33333333333333	4706.8	2723.425	2153.1285714285714	1988.55	6908.6	910.2	2750.6	1060.55	1523.2	4528.216666666666	416.95	53.3	75.75	72.7	65.9	971.3000000000001	63.5	989.9
43	3298.6	1817.6	10807.0	2358.0	23879.5	9700.0	63.599999999999994	2780.5333333333333	3467.8	52.6	863.1	5220.34	343.5	492.5	97.36666666666667	26676.6	2472.433333333333	1312.9166666666667	7574.35	293.4	353.4	22543.3	17208.075	12697.54	3708.4	1210.75	7467.38	6839.65	1995.5	6783.9400000000005	12057.933333333334	72.10000000000001	5188.3	48.5	7324.599999999999	57.8	1488.85	4416.166666666667	2808.2	139.93333333333334	54.099999999999994	2559.5666666666666	102.26666666666665	367.42	118.8	1999.1000000000001	63.1	6883.75	932.275	219.16666666666666	661.1	10711.95	3110.85	53364.840000000004	9308.5	2427.1	56.5	1499.0571428571427	1107.5	15837.4	2468.233333333333	2632.633333333333	77.94	1014.8249999999999	1567.9250000000002	2775.0333333333333	9165.7	586.65	530.0	99.05999999999999	165.7	2160.4	57.5	921.15	4032.0	2017.6666666666667	325.2	90.5	87.8	3343.75	1747.7599999999998	130.26666666666668	225.5	268.93333333333334	8089.75	3274.266666666667	835.3333333333334	818.7	995.7666666666668	222.55	1475.2	43.1	104.4	38.3	3556.65	29917.7	223098.6	20755.5	178.60000000000002	2208.2999999999997	2532.2166666666667	103.2	4301.85	258.15	71.775	3940.4666666666667	621.4499999999999	63.25	894.0428571428572	19962.4	2196.4	1780.4499999999998	50.7	967.6999999999999	99.8	5035.400000000001	4237.075	2081.4285714285716	1924.1000000000001	6260.9	999.1	2984.5	1068.1999999999998	1280.15	4335.316666666667	403.0	53.5	76.05	72.3	68.1	832.1999999999999	62.083333333333336	1077.9666666666667
44	3950.4	2547.85	10506.1	2124.8	18008.0	9159.3	62.0	3375.3333333333335	3418.5	51.9	824.6	4552.12	279.6333333333334	483.0	78.2	28116.75	2757.8999999999996	1279.7666666666667	5737.549999999999	308.3	325.7	21316.7	19053.3	11075.939999999999	3860.5	1100.1166666666666	7891.2	7795.6	1824.2	5942.360000000001	12333.933333333334	71.39999999999999	3781.9	48.3	5838.55	56.9	1149.95	5427.2444444444445	2846.2	112.01666666666667	56.4	2198.9333333333334	110.39999999999999	400.96000000000004	111.9	2082.0333333333333	61.5	5715.849999999999	618.2250000000001	190.96666666666667	813.9	8888.75	3392.6	46430.56	10869.6	1923.0	55.7	2000.8	1233.2	12465.8	2932.7000000000003	2483.1666666666665	76.3	923.1750000000001	1942.9	2420.9666666666667	7449.7	742.3	522.8333333333334	104.14000000000001	172.0	2186.5	56.4	952.65	3845.2	2382.7999999999997	207.23333333333335	66.2	86.5	4105.8	1820.7199999999998	127.8	175.4	210.16666666666666	6170.5	2991.1	657.6333333333333	832.125	662.6333333333333	242.6	482.8	42.65	99.8	37.6	3377.925	29233.15	229406.1	23083.7	151.65	1573.9000000000003	2793.35	102.6	4018.9	332.65000000000003	70.225	3050.6000000000004	542.9000000000001	82.9	915.6285714285714	18313.0	2498.1	1935.5249999999999	50.2	766.4666666666666	99.53333333333335	4295.7	2530.25	2104.614285714286	2284.35	6759.7	990.2	3261.9	1157.5500000000002	1648.95	4245.166666666667	256.5	52.8	74.75	71.2	67.7	1016.3333333333335	63.45000000000001	716.2666666666668
45	4800.3	2368.7749999999996	11455.7	1936.2	20780.4	9272.8	76.2	2924.433333333333	2923.95	52.4	839.1	5019.76	204.5	475.5	82.23333333333333	28895.55	2524.833333333333	1557.1000000000001	4430.2	319.4	327.0	23056.5	19154.125	13442.8	4607.7	1265.8	7405.3200000000015	7272.825	1716.85	6894.24	11598.333333333334	71.66666666666667	4533.8	48.7	7847.4	57.45	643.8	4619.455555555556	3207.4500000000003	112.23333333333333	54.05	2338.6666666666665	87.13333333333333	368.28	113.7	2285.5666666666666	62.3	6583.650000000001	894.55	238.9666666666667	719.2	11758.849999999999	3522.075	37381.1	11759.966666666667	2128.65	56.2	1935.7285714285713	1326.6	13944.9	2610.2000000000003	3120.2999999999997	79.08	1153.55	1864.625	2065.7000000000003	8432.7	540.9	421.76666666666665	107.67999999999999	196.89999999999998	2751.5	56.8	1088.65	3293.2	2546.866666666667	237.6	64.0	85.3	4036.4	2194.62	129.23333333333332	240.4	200.79999999999998	7445.85	3155.3333333333335	800.4666666666666	1010.4	979.5	243.70000000000002	1388.8	42.95	100.7	38.4	3398.3250000000003	24353.35	208028.0	19615.8	159.20000000000002	2178.1333333333337	2758.2833333333333	102.9	4114.55	321.5	71.025	3767.6	555.75	66.0	933.4714285714288	17282.1	2500.0	2246.2999999999997	50.5	940.3333333333334	96.43333333333334	5033.3	3230.95	2342.9285714285716	2366.95	6700.5	1003.7	3151.9	1020.9	1479.5	4340.616666666667	342.34999999999997	53.5	75.85	72.0	82.3	970.6333333333332	61.28333333333334	809.2333333333332
46	3870.7	2636.225	7635.8	1586.6	16143.0	6239.0	84.0	2743.6	2279.6000000000004	53.05	621.1	3178.28	111.83333333333333	495.0	92.10000000000001	30949.2	2404.566666666667	1183.0166666666667	4827.0	312.3	303.8	18156.9	21896.875	10065.560000000001	4242.1	822.1666666666666	7161.0599999999995	7524.325000000001	1777.35	5829.960000000001	11374.300000000001	73.60000000000001	4235.8	48.9	4508.9	59.75	563.6	4790.011111111112	2572.0	116.40000000000002	54.400000000000006	1957.5999999999997	89.2	370.2	122.4	2057.5666666666666	63.9	6407.45	561.1	159.23333333333332	719.3	7307.05	2979.4	33439.619999999995	11246.966666666667	1280.3999999999999	57.0	2118.8571428571427	1526.9	7262.7	2324.9666666666667	2133.633333333333	81.02	736.0	2069.675	1368.3666666666668	5854.5	547.6	396.0666666666666	103.47999999999999	143.3	2507.7	57.6	515.8	4299.7	2498.633333333333	205.39999999999998	64.8	93.94999999999999	4094.85	1695.1399999999999	129.13333333333333	120.8	213.4	5284.8	2379.1666666666665	557.5333333333334	976.4	616.2333333333333	198.60000000000002	342.3	45.2	112.1	38.6	3356.0	28391.7	225701.2	22832.5	95.0	1412.0666666666666	2478.0166666666664	103.6	2633.7	322.85	72.85	2357.9666666666667	385.5	66.8	863.1142857142858	16274.1	1848.1	1759.925	50.8	667.5666666666667	173.66666666666666	4144.466666666667	2390.05	1862.5142857142857	2483.8	5940.2	1005.2	3065.5	1002.3	1752.0500000000002	4104.650000000001	238.5	54.0	76.65	72.3	68.2	1018.1333333333333	65.73333333333333	578.5666666666667
47	5197.4	2483.9	8095.3	1505.8	18416.3	12184.5	266.0	3110.7999999999997	1730.95	53.35	861.2	4534.66	114.09999999999998	471.0	87.7	31483.100000000002	2399.5333333333333	1581.8999999999999	3157.3	349.0	323.9	23394.1	21252.925	13280.019999999999	4756.7	1024.6666666666667	8782.460000000001	7121.200000000001	1465.6	7113.38	12430.300000000001	73.26666666666667	3308.4	49.7	8211.5	59.65	191.25	3702.833333333334	2900.9	119.61666666666666	54.8	2333.1	88.33333333333333	353.34	122.6	1713.1000000000001	64.0	7293.15	788.8249999999999	191.73333333333335	957.2	11088.4	3168.6	29946.579999999998	12864.5	1790.95	57.4	1744.2	1272.9	11613.7	2479.133333333333	3096.1333333333337	81.8	1141.575	2232.675	1054.0666666666666	7156.2	830.6	425.3	109.46000000000001	297.6	3163.5	62.8	702.6999999999999	4336.0	2170.6666666666665	252.13333333333333	65.6	88.55	4228.049999999999	1910.0199999999998	129.6	245.3	236.29999999999998	6774.45	3083.4	754.7666666666668	1108.05	836.8000000000001	345.5	275.2	43.5	121.1	38.7	3161.9500000000003	27453.699999999997	212202.9	20819.3	154.5	1773.1000000000001	3368.933333333333	103.8	3553.55	244.65	73.82499999999999	3417.0	574.85	67.15	1032.8857142857144	17041.7	2522.3	1998.2	50.8	931.2333333333332	105.26666666666667	4161.733333333334	3286.1250000000005	2348.214285714286	2112.6	6364.0	1006.9	2437.0	944.0	2048.7	5090.566666666667	318.4	54.4	76.94999999999999	72.4	68.2	927.5666666666666	63.98333333333333	751.6
48	4231.2	2662.8	7293.0	1071.2	17801.2	4801.7	207.5	2895.5	1447.8	51.9	734.8	4617.280000000001	110.63333333333333	482.9	87.13333333333333	27597.0	2515.0166666666664	1289.3333333333333	3199.0499999999997	307.4	317.8	24227.4	21252.6	12358.040000000003	4693.1	999.1333333333333	9295.96	7676.299999999999	1731.05	6284.44	12647.799999999997	70.63333333333333	4601.9	48.1	7352.549999999999	56.2	251.6	3495.5666666666666	2650.75	105.76666666666667	52.75	2308.733333333333	82.56666666666666	304.08000000000004	157.2	1785.5333333333335	61.8	8053.2	659.4	188.63333333333333	849.4	9189.0	3359.75	32091.6	12986.166666666666	1741.5	55.8	2022.8	1228.8	11954.4	2594.1666666666665	2489.8333333333335	75.66	797.425	2064.25	1140.7666666666667	7591.5	773.4	403.8999999999999	105.74000000000001	253.1	2593.15	56.6	909.5	4386.0	2666.6666666666665	179.96666666666667	63.4	86.4	3902.3999999999996	1650.08	125.2	256.9	187.0666666666667	6157.5	2572.4666666666667	677.9666666666667	828.375	882.9000000000001	247.0	205.1	42.5	100.2	38.0	3483.925	25525.35	217770.9	19701.1	156.55	1797.4333333333334	2770.4166666666665	102.2	3340.2	244.45	70.60000000000001	2838.9	625.45	65.9	992.6714285714287	14860.0	2621.2	2038.75	50.1	814.0	107.76666666666665	4309.733333333334	2438.0750000000003	2307.914285714286	1760.7	6504.7	1055.8	2492.1	897.3499999999999	2414.25	4697.099999999999	282.4	52.9	72.45	97.4	70.1	1074.6333333333332	64.66666666666667	870.2000000000002
49	5100.8	2503.625	5470.3	1774.7	17814.0	2618.2	258.25	2747.8333333333335	1458.35	52.599999999999994	692.7	5000.3	108.76666666666667	490.8	86.36666666666667	28195.4	2421.8166666666666	1538.1000000000001	4799.55	286.4	257.7	23887.3	24048.7	14965.079999999998	4707.6	1131.2166666666667	9930.039999999997	7266.275	2113.45	6256.78	12533.766666666668	72.06666666666666	6800.1	49.1	7143.7	58.2	239.10000000000002	3880.844444444445	2890.6	110.41666666666667	52.25	2017.2333333333333	88.83333333333333	314.78	136.6	1875.3999999999999	63.0	8455.550000000001	660.9	195.66666666666666	954.0	9712.1	3211.1000000000004	28672.879999999997	13315.366666666669	1574.9	56.4	1938.542857142857	1202.2	11772.7	2059.266666666667	2607.7333333333336	77.22	879.575	1367.75	962.6666666666666	6709.2	636.0	435.76666666666665	112.66	304.35	2507.65	57.5	610.55	3679.1	2437.5333333333333	275.93333333333334	64.4	106.8	3601.6	1582.6799999999998	125.5	329.4	239.53333333333333	6707.15	2665.266666666667	816.9666666666667	1115.3999999999999	967.9	236.7	400.9	43.099999999999994	101.3	38.4	3450.0499999999997	24020.45	217568.1	18671.1	133.05	2276.4666666666667	3005.7999999999997	103.4	3628.6000000000004	368.95	71.9	2936.1	493.55	66.7	915.7000000000002	14779.4	2187.2	1952.05	50.7	988.6666666666666	82.76666666666667	4854.333333333333	2541.6749999999997	2327.871428571428	1856.0	6263.5	1002.7	2588.4	975.85	2134.4	4641.133333333334	344.05	53.6	76.1	72.5	68.0	1078.0	62.61666666666665	802.3666666666667
50	4537.7	2842.2250000000004	5217.1	1998.3	20315.1	2942.7	171.05	3120.866666666667	1221.95	51.85	858.6	5222.639999999999	149.6	456.4	88.63333333333334	29931.9	2582.633333333333	1606.8166666666666	7059.55	302.5	310.2	23509.6	19168.375	14848.62	5302.6	1218.9333333333332	10075.539999999999	7803.300000000001	1779.7	5861.539999999999	14338.433333333334	71.13333333333334	5993.9	48.3	9071.9	56.5	480.5	4036.5555555555557	2986.2999999999997	111.0166666666667	53.75	2202.366666666667	87.26666666666667	340.7	470.1	1864.7333333333333	61.2	8691.3	853.85	144.66666666666666	727.2	10273.25	3585.275	43066.12	11953.6	1869.9	55.4	1998.3285714285714	1279.3	11970.1	2292.5666666666666	3071.7000000000003	75.02000000000001	977.0500000000001	1681.9499999999998	1130.0	7549.4	672.1999999999999	445.99999999999994	107.52000000000001	520.0	2677.35	56.5	996.75	4433.9	2827.566666666666	310.9	62.2	87.05	4679.9	1911.9999999999995	138.03333333333333	190.4	264.8666666666666	6753.2	2716.7999999999997	930.4333333333334	791.0250000000001	1050.0666666666668	224.14999999999998	379.3	42.599999999999994	94.9	38.1	4351.35	25655.55	220709.7	19034.7	155.4	2384.366666666667	3250.1	103.3	4099.3	437.7	69.1	3234.3333333333335	610.3000000000001	67.85	1140.642857142857	16610.0	2901.6	2000.8500000000001	50.0	990.1333333333332	91.83333333333333	5679.266666666666	2601.0499999999997	2492.985714285715	2217.65	6928.1	994.0	3914.2	1129.05	2011.15	5130.4	375.15	52.8	72.7	71.7	66.3	1314.3999999999999	61.050000000000004	942.1666666666666
51	4502.3	2445.375	3638.4	2002.5	21988.8	3689.2	151.2	2601.2999999999997	1220.8	52.35	586.6	4750.219999999999	107.43333333333332	377.7	84.8	28828.65	2772.5333333333333	1487.25	9744.25	317.5	325.5	25175.8	18141.374999999996	14671.3	4682.1	1317.6666666666667	9554.54	8260.45	1554.6499999999999	5752.62	13665.300000000001	71.7	5049.3	48.5	7391.75	58.35	819.4	4233.666666666667	2948.0	94.76666666666667	57.75	2362.5333333333333	88.89999999999999	360.43999999999994	762.0	2255.9	63.1	7389.6	859.9000000000001	189.4333333333333	959.4	10393.599999999999	3016.925	36564.5	12903.066666666666	1614.6999999999998	56.2	1627.2	1577.4	13834.1	2555.5666666666666	2818.5	79.84	1214.775	1907.1	1008.2333333333332	6884.6	677.75	438.00000000000006	107.78	149.95	2076.25	57.1	771.8	5046.4	2796.3333333333335	208.4333333333333	63.8	88.7	4054.7	1724.7	127.73333333333333	220.5	225.86666666666667	7502.5	2737.933333333334	861.9	827.525	881.5	234.3	447.0	43.25	100.1	38.4	4876.2	28604.85	233576.5	22904.0	262.3	2017.8333333333333	2623.4666666666667	103.1	3579.6	471.04999999999995	71.775	3395.966666666667	603.25	66.75	956.8428571428573	19791.9	2683.1	2065.825	50.5	986.1	98.43333333333334	4718.900000000001	3096.8	2169.014285714286	2232.05	6436.6	1247.9	4106.6	1292.2	1895.1999999999998	4536.400000000001	379.4	53.4	75.85	74.1	66.2	1123.3999999999999	61.81666666666666	848.6666666666666
52	3430.9	2319.325	2814.1	1843.4	22911.8	4612.1	79.4	2353.6	958.6	51.849999999999994	1072.6	4178.62	121.0	484.4	89.33333333333333	31113.8	2501.5	1648.75	11905.550000000001	307.3	319.1	24201.2	17850.824999999997	17814.82	5245.4	1219.8833333333332	9715.2	8196.550000000001	1794.75	6097.48	14016.833333333334	71.43333333333334	3943.6	51.2	7395.45	56.5	2103.7	4092.6000000000004	3084.55	110.65000000000002	52.75	2416.0	92.26666666666667	423.7	1296.8	2269.433333333333	61.5	10334.9	757.1	179.86666666666667	951.4	12518.7	3343.025	23640.24	14901.5	1970.35	55.6	1719.714285714286	1238.6	15750.8	2483.5666666666666	3212.8333333333335	75.88	1376.8000000000002	1587.025	1660.533333333333	8190.4	536.15	507.4333333333332	115.38	174.0	2317.45	57.7	721.3499999999999	4486.4	2619.133333333333	344.1333333333334	61.3	86.4	4165.849999999999	1912.08	127.33333333333333	237.7	215.26666666666665	7435.45	2606.8999999999996	1060.9333333333334	887.175	855.6999999999999	298.3	394.8	42.599999999999994	99.6	38.0	3902.2499999999995	24076.15	229458.9	20836.3	177.1	2590.366666666667	2491.7166666666667	102.3	4044.7999999999997	600.75	69.825	3664.2999999999997	422.59999999999997	66.85	932.9142857142857	17239.5	2409.4	2228.275	50.0	1062.5333333333333	98.03333333333335	4929.8	3673.45	2294.485714285714	2241.1	6579.0	989.8	3552.6	1208.3999999999999	1555.15	4552.233333333334	437.45	53.0	75.0	71.1	67.3	989.1999999999999	61.150000000000006	738.0333333333334
53	319.0	1864.55	1560.1	2434.8	22324.9	18538.0	62.05	2995.9	1082.25	51.900000000000006	1148.0	5291.6	254.96666666666667	478.0	86.33333333333333	37642.0	3039.0166666666664	1633.6333333333334	29282.95	286.9	277.0	22759.7	19056.45	16252.76	4974.1	1498.0	9828.38	7758.625	2053.15	5854.820000000001	12806.933333333334	70.63333333333334	1008.8	47.8	7351.15	54.85	37656.45	4150.433333333333	2964.0	209.36666666666667	53.0	2340.4	120.60000000000001	370.48	2147.2	2283.0333333333333	60.8	6766.7	889.075	234.5	1393.9	14212.15	4009.0	19391.22	16488.233333333334	2986.5	55.0	2145.5142857142855	1595.2	19721.7	2792.8333333333335	2856.6999999999994	74.75999999999999	1745.125	1669.225	4451.666666666667	9848.4	701.05	433.9666666666667	120.02000000000001	98.4	2406.1000000000004	56.9	605.95	4371.4	2552.866666666667	262.8666666666667	62.7	86.44999999999999	4817.5	2240.6	152.33333333333334	220.3	249.0	7151.8	2804.9666666666667	1034.2	888.5250000000001	760.6666666666666	452.45	308.6	42.150000000000006	89.6	37.5	3641.975	21845.65	223203.0	19957.2	227.35	2781.7333333333336	3546.0500000000006	102.0	3869.15	361.0	69.65	4620.5	764.8	80.35	1011.8571428571429	18388.1	2558.4	2865.5499999999997	49.9	1269.2333333333333	93.13333333333333	5300.366666666666	3756.65	2280.9	2397.8	6522.4	988.0	3059.9	1112.75	1425.15	5345.566666666667	433.15	52.8	73.85	70.4	73.5	916.1	61.48333333333333	737.1666666666666
54	442.9	1780.6000000000001	818.3	2427.2	24186.6	12159.2	60.550000000000004	2127.266666666667	990.3000000000001	51.75	952.7	4248.5199999999995	143.16666666666666	450.8	92.2	34215.5	2728.366666666667	1588.0833333333333	29480.4	350.7	276.2	26105.0	18075.35	14798.179999999998	5145.2	1293.5333333333333	7331.06	8305.1	1660.5	6063.1	11998.233333333335	69.39999999999999	1868.9	47.7	5795.45	55.7	29801.15	3953.8222222222216	3586.5499999999997	172.6833333333333	56.25	2386.133333333333	93.46666666666665	438.5799999999999	2307.9	2378.3333333333335	60.9	6915.25	865.825	148.53333333333333	908.0	11906.8	3641.125	25054.46	15374.233333333332	2342.25	55.2	1793.5285714285712	1214.7	17591.1	2531.566666666667	2671.7333333333336	73.94000000000001	1270.75	1579.0749999999998	3699.5	9098.6	527.5	424.40000000000003	119.28	117.55	2443.1	59.5	670.0	4052.2	2073.1666666666665	339.06666666666666	62.6	83.3	4865.9	2013.9599999999998	159.9	207.4	353.3666666666666	7576.799999999999	2913.4	845.1666666666666	980.7500000000001	829.1999999999999	332.05	643.7	42.1	97.7	37.7	4031.2000000000003	25403.35	243782.7	21193.1	176.04999999999998	2956.533333333333	2508.7000000000003	102.6	3576.8500000000004	358.5	69.3	4972.733333333334	469.40000000000003	72.6	939.6285714285715	20665.2	2485.1	2392.7000000000003	49.3	921.4333333333334	91.33333333333333	4848.466666666666	5102.125	2536.8142857142852	2480.6	6990.7	982.8	3024.6	1347.1000000000001	1083.25	4908.716666666666	377.04999999999995	52.1	74.75	70.0	62.4	1104.4666666666665	59.800000000000004	702.6999999999999
55	1128.2	2159.475	1531.3	2207.4	19176.5	5751.0	63.349999999999994	2302.5	984.4000000000001	52.45	844.7	4414.780000000001	107.7	461.7	87.73333333333333	35129.799999999996	2650.15	1532.8833333333332	22247.4	409.9	284.8	23287.0	21435.975	13473.64	5146.0	1060.9833333333333	8184.12	8650.15	1735.6	6041.860000000001	12542.699999999999	75.16666666666667	2264.1	48.5	5987.450000000001	57.849999999999994	9428.9	4232.955555555555	3077.9	151.56666666666666	54.099999999999994	2319.6	88.33333333333333	330.82	1260.6	2501.9666666666667	62.3	7302.4	808.8	147.66666666666666	894.3	10157.75	3726.15	22429.7	15926.533333333333	1877.1999999999998	56.1	2042.0857142857144	1041.2	12942.0	2408.866666666667	2188.1666666666665	76.32	1219.975	1756.4499999999998	2463.7999999999997	7441.4	518.3	436.93333333333334	125.84	141.39999999999998	2308.5	57.3	698.7	4243.3	2397.1666666666665	246.36666666666665	64.1	89.05	4375.65	2066.0	128.46666666666667	239.5	180.70000000000002	6657.450000000001	2834.1	862.4666666666667	1059.425	761.7666666666668	220.89999999999998	174.5	43.05	98.9	38.3	3993.9	23879.449999999997	208963.0	21641.9	178.6	2235.4666666666667	2611.0	103.2	3377.45	454.45	71.6	3583.633333333333	418.55	66.35	900.3142857142858	19840.1	2478.9	2379.5499999999997	50.4	933.8000000000001	85.2	4998.599999999999	3205.15	2338.885714285714	2616.8500000000004	6868.9	999.0	3372.3	1081.05	1485.9	4637.516666666666	256.85	53.4	75.95	71.5	70.3	997.0333333333333	61.65	687.3333333333334
56	129.7	1305.95	1227.3	2967.6	20795.5	14768.9	62.1	2657.766666666667	1069.6	51.849999999999994	857.8	6110.860000000001	283.7	856.5	92.23333333333333	37638.05	2719.5000000000005	1651.8666666666666	32491.45	284.6	316.7	25008.5	20220.25	14385.539999999999	4380.8	1242.5166666666667	8718.48	7688.049999999999	1781.5	5735.64	12299.9	70.89999999999999	1091.8	48.1	6441.349999999999	55.35	57727.05	4086.4222222222215	2991.9	363.28333333333336	53.65	2363.0333333333333	90.13333333333333	393.3	1247.2	2326.366666666667	61.3	8624.699999999999	808.3	203.83333333333334	925.9	14171.25	3855.425	13266.779999999999	17507.766666666666	3116.4	55.5	1895.1428571428573	890.6	18611.9	2656.0	1961.3999999999999	74.97999999999999	1234.2	1053.725	6152.066666666667	8401.3	576.85	416.6333333333334	112.38000000000002	117.44999999999999	2302.1	56.5	641.55	3951.3	2175.5	193.6	63.2	93.5	4645.099999999999	2000.78	124.93333333333334	237.7	250.93333333333337	6814.75	2878.6666666666665	880.9666666666667	924.95	774.7333333333332	225.89999999999998	573.2	42.5	99.1	38.0	3867.6499999999996	22265.95	201979.7	21644.0	150.6	2327.766666666667	2584.1666666666665	102.2	3109.2	314.29999999999995	70.525	4746.933333333333	574.05	71.0	912.3142857142857	16341.3	2128.3	2658.35	49.9	1013.5666666666666	93.33333333333333	4798.933333333333	3215.15	2409.2	2403.9	7364.9	1050.4	3397.4	1146.6	1503.25	4527.5	350.0	52.7	74.7	68.6	76.5	967.7666666666665	61.9	834.1999999999999
57	186.3	938.625	1501.4	2688.4	22416.8	21700.1	64.05000000000001	2873.9666666666667	1157.95	52.900000000000006	965.6	6624.12	479.59999999999997	1006.6	88.8	35007.1	2495.8166666666666	1659.1666666666667	31903.15	306.5	322.8	22907.7	20918.0	14108.84	4080.7	1166.5166666666667	8539.44	7357.5	1902.9499999999998	5520.9400000000005	12362.5	72.26666666666667	785.6	48.7	6575.75	59.099999999999994	55957.5	4079.477777777778	3023.75	314.6166666666666	53.849999999999994	2478.2999999999997	102.43333333333334	349.64	508.1	1826.6666666666667	63.6	6064.450000000001	895.8499999999999	184.80000000000004	1081.5	13069.1	3859.2999999999997	18408.940000000002	16825.066666666666	3019.85	57.0	1812.4857142857145	1081.1	19616.8	2682.7999999999997	2210.2000000000003	82.3	1247.075	1140.6	6380.133333333334	10233.2	674.65	492.86666666666673	109.58	74.5	2082.7	57.8	594.85	3860.8	2219.266666666667	215.9666666666667	64.7	86.2	3945.05	1906.14	129.06666666666666	302.6	288.9666666666667	7715.049999999999	3289.0333333333333	852.9666666666667	786.375	807.6	322.55	851.8	43.55	100.2	38.5	3467.375	22909.85	218602.5	18661.0	204.1	2005.7333333333333	3126.9500000000003	104.1	3036.7	321.3	75.375	5240.599999999999	593.4	67.15	1001.2	16500.9	2091.4	2523.975	50.5	945.2666666666668	97.93333333333334	4271.233333333334	3131.0249999999996	2389.5	2286.55	7934.3	1032.5	2675.3	942.6	1466.4	5162.683333333334	453.15	53.9	77.05	71.7	81.7	961.6666666666666	62.38333333333333	758.3333333333334
58	147.0	890.4250000000001	2308.7	2872.8	21587.2	16140.3	62.75	3189.2666666666664	1137.3	52.7	927.1	6559.160000000001	471.2	1166.5	88.23333333333333	33697.35	2636.2999999999997	1457.0833333333333	29275.35	315.2	324.5	22676.6	20316.600000000002	13637.819999999998	3593.2	1306.3500000000001	7945.7	7566.425	1624.0	5753.72	11813.733333333332	76.2	1332.2	49.0	6354.55	57.85	53687.25	4027.1444444444446	3201.85	400.7	54.2	2625.1666666666665	91.96666666666665	411.67999999999995	430.6	1805.7333333333333	62.8	8642.2	895.2499999999999	234.16666666666666	966.0	12641.35	3782.0	16478.44	16732.766666666666	3547.8	56.7	1913.9571428571428	1263.6	20144.8	2567.366666666667	2509.9	78.1	1261.825	1088.525	7124.266666666666	8698.5	626.1	426.46666666666664	112.75999999999999	65.15	2339.35	57.5	770.9	3899.7	2737.2666666666664	215.26666666666665	62.4	85.8	4169.7	1692.8399999999997	129.70000000000002	317.9	258.3	7855.2	2869.8333333333335	842.0666666666666	871.875	751.8666666666668	249.2	331.5	43.15	100.5	38.4	3834.225	21420.8	211709.0	19939.7	211.04999999999998	2250.6666666666665	3378.0833333333335	102.9	3101.9	455.95	72.05	4504.366666666667	612.85	66.55000000000001	1131.242857142857	15343.1	2403.4	2428.225	50.6	1174.7333333333333	80.39999999999999	4374.133333333333	2734.0499999999997	2277.8857142857146	2331.7	8956.6	1001.3	2941.9	1132.6	1902.05	4317.6	502.79999999999995	53.7	76.1	72.6	68.2	1203.4333333333334	62.04999999999999	798.8000000000001
59	545.1	1078.35	1912.8	2594.5	20890.0	11233.1	63.55	3363.0	1174.8	52.55	918.2	6987.280000000001	412.5666666666666	1143.6	86.60000000000001	35775.049999999996	2845.383333333333	1607.5833333333333	29122.5	435.3	275.2	23907.2	19689.075	13734.26	3998.3	1395.05	8612.48	7452.674999999999	1906.35	6103.38	12813.733333333332	71.96666666666665	1638.3	48.7	6854.35	58.0	34471.65	4352.177777777778	2993.7	319.1333333333334	54.2	2503.0666666666666	106.23333333333333	386.04	460.0	2043.5	62.9	9867.400000000001	966.475	255.76666666666665	963.6	15340.5	3532.25	15444.98	18318.566666666666	2979.3999999999996	56.5	1987.185714285714	1077.6	17871.8	2698.233333333333	2269.233333333333	77.25999999999999	1513.6499999999999	1192.425	6218.5	9492.9	542.1	436.06666666666666	101.52	100.5	2240.05	57.4	710.7	4079.6	2550.0	247.13333333333333	64.2	87.25	4396.650000000001	1987.5400000000002	136.70000000000002	285.7	257.06666666666666	7386.450000000001	2813.466666666667	970.2333333333332	930.3	767.8000000000001	369.6	1121.8	43.05	101.8	38.2	3621.4249999999997	22520.199999999997	207039.6	19012.8	178.85000000000002	1987.5333333333335	3545.7666666666664	103.5	3176.1	386.35	76.4	5732.033333333333	660.25	66.45	1078.7285714285715	17237.5	2362.7	3018.1749999999997	50.7	990.5666666666666	96.26666666666667	4683.166666666667	3591.975	2338.2714285714287	2334.85	8233.4	1000.5	2780.4	1230.1499999999999	1528.5500000000002	5054.483333333334	469.25	53.6	75.95	71.5	67.1	1126.8333333333333	62.03333333333333	659.8000000000001
60	185.1	1121.0500000000002	5114.4	2505.6	15933.0	9187.1	63.550000000000004	3994.8333333333335	1465.0	53.3	1109.8	7825.32	888.5333333333333	969.0	90.83333333333333	38098.0	2581.6666666666665	1398.8999999999999	26924.050000000003	330.6	320.9	19221.8	24817.074999999997	9242.64	2839.3	1197.533333333333	7970.8	7406.349999999999	1714.1	4126.820000000001	14132.966666666667	74.56666666666666	1702.4	49.5	6353.799999999999	59.4	17091.05	4275.966666666666	3030.95	258.75	54.400000000000006	2370.366666666667	87.03333333333335	335.68	121.9	1674.2	63.9	6114.700000000001	993.9499999999999	215.79999999999998	972.6	14156.4	3620.7	31254.839999999997	20196.899999999998	3746.8	57.2	2077.6857142857143	1264.8	19940.0	4188.566666666667	2189.366666666667	81.63999999999999	1143.475	1187.75	5288.933333333333	9274.0	888.0	359.4666666666667	116.44000000000001	76.85	2417.8	57.8	694.0	4301.2	3498.6666666666665	201.6	64.8	92.25	4543.5	2056.3	128.93333333333334	390.9	243.50000000000003	7376.1	2993.4666666666667	782.4666666666667	617.45	826.9333333333334	357.8	1142.7	43.9	103.4	38.6	4299.575	24562.65	224618.6	18113.7	212.2	1675.0333333333335	4014.3333333333335	103.1	2073.5499999999997	257.95	73.475	4837.233333333334	601.9	67.55	1017.3857142857141	14091.1	1877.2	2144.2749999999996	50.7	870.8000000000001	105.83333333333333	3674.633333333333	2536.6000000000004	2073.0857142857144	2344.45	8676.3	1004.5	2291.4	582.1500000000001	1718.55	4337.483333333334	429.85	54.1	77.05	76.2	67.5	1053.7666666666667	66.51666666666667	800.3666666666668
61	285.4	1405.525	2241.4	1294.0	9313.6	7455.8	72.35	2458.5333333333333	1158.0	53.95	454.6	4273.0199999999995	420.5333333333333	505.6	82.0	35891.05	2581.383333333333	949.8666666666667	20688.850000000002	301.0	326.8	18991.7	25597.824999999997	4361.88	2511.0	618.4166666666667	7416.459999999999	7922.424999999999	1181.35	4214.4400000000005	15449.700000000003	78.83333333333333	585.6	50.0	3365.65	61.0	10698.15	4165.222222222223	3500.65	137.71666666666667	54.8	1478.6666666666667	90.03333333333335	310.76	125.2	1823.6333333333332	65.7	3102.6	700.825	191.96666666666667	662.7	4320.900000000001	3326.275	41146.12	16525.066666666666	1406.7	58.2	2006.542857142857	1502.9	10690.1	3127.6666666666665	1011.1666666666666	83.02000000000001	237.57500000000002	1607.4750000000001	2952.933333333333	3168.9	1268.5	425.79999999999995	108.75999999999999	122.4	2421.85	58.4	949.35	4863.2	3077.4666666666667	181.6	65.7	87.9	5421.75	1748.2599999999998	101.93333333333334	227.2	305.40000000000003	6111.2	2241.4666666666667	344.2	363.40000000000003	514.2666666666668	151.25	334.4	43.8	124.0	39.2	5137.375	29852.600000000002	264073.5	25167.9	78.4	747.8666666666667	1882.1833333333334	103.0	1040.3	222.54999999999998	76.05000000000001	2067.766666666667	368.75	67.25	781.8	13966.6	1338.3	1185.05	51.2	475.73333333333335	143.56666666666666	2566.6666666666665	732.5250000000001	1612.1285714285714	2152.2	6970.9	1012.4	3370.0	455.35	1952.4	2367.4166666666665	129.7	55.0	79.75	72.6	69.0	1071.0	65.53333333333335	709.2999999999998
62	643.4	1801.6	3832.0	1480.9	13146.5	6234.1	64.95	3062.2333333333336	1583.55	53.55	646.8	4659.379999999999	738.6666666666666	494.8	92.13333333333334	32962.5	2136.35	853.7166666666666	11514.3	314.2	361.5	23333.5	25309.35	5804.58	2401.0	663.1666666666666	6818.959999999999	7519.575000000001	1635.25	4031.6	14986.466666666665	75.03333333333332	1512.1	49.8	4505.099999999999	61.5	5231.85	3368.911111111111	3031.1	134.86666666666665	54.099999999999994	1984.2333333333336	86.36666666666667	368.41999999999996	123.2	1592.0333333333335	64.9	5300.299999999999	840.0	273.09999999999997	428.6	6070.25	3410.75	56359.68000000001	13041.6	2075.1	57.7	1759.4285714285713	1205.9	12558.1	2755.2999999999997	1037.8666666666668	87.62	297.625	1370.1999999999998	2830.9	4578.9	1099.8999999999999	319.6333333333333	108.62	131.1	2565.4	58.2	811.35	4676.8	3143.3000000000006	181.63333333333333	68.3	89.55	4843.05	1430.94	128.76666666666668	120.5	246.36666666666667	6853.15	2533.4333333333334	362.6333333333334	329.09999999999997	614.9666666666667	159.7	144.5	43.7	113.4	38.9	4597.25	28422.149999999998	246055.2	22764.8	78.1	938.0333333333333	1993.8333333333333	104.2	1645.5	324.8	76.475	2460.5333333333333	301.95	67.1	832.2285714285714	13523.5	1463.8	1139.9250000000002	51.0	597.3666666666667	104.83333333333333	2946.2666666666664	987.0999999999999	1725.2285714285715	1773.15	6826.9	861.4	2395.6	484.4	2131.15	2536.3833333333337	164.55	54.6	73.05000000000001	74.4	88.9	941.8666666666668	65.64999999999999	852.6666666666666
63	1018.0	1995.25	4857.1	1258.5	11249.0	9124.0	64.05000000000001	3189.1	1569.6	53.45	484.4	5075.719999999999	473.09999999999997	500.3	90.46666666666665	28441.199999999997	2398.3333333333335	956.9666666666667	12541.800000000001	324.2	286.3	17508.7	25519.275	6414.820000000001	2715.5	731.2166666666667	8049.74	7064.9	1446.85	4912.76	13552.233333333335	74.56666666666666	1515.3	49.7	5631.150000000001	59.900000000000006	5295.450000000001	3787.266666666667	2550.65	161.73333333333335	54.099999999999994	1499.7666666666667	85.36666666666667	320.56	122.7	1786.5	64.2	4663.1	821.025	194.63333333333333	627.5	6441.8	3714.775	58432.02	12252.866666666667	2027.6999999999998	57.9	1844.5428571428572	1427.1	10641.8	2855.5333333333333	1240.7	80.64	387.875	1362.1999999999998	2685.233333333333	4987.3	657.1999999999999	406.46666666666664	109.73999999999998	132.3	2892.7	57.8	783.85	4226.6	2694.9666666666667	201.33333333333334	65.4	100.3	3899.25	1632.14	129.63333333333333	160.4	421.6666666666666	6371.549999999999	3016.6999999999994	400.93333333333334	372.775	642.5	220.75	215.9	43.650000000000006	124.5	38.7	4098.675	30845.399999999998	247854.5	19313.1	53.55	1106.2	2302.7833333333333	105.1	2307.15	296.65	73.9	2306.4666666666667	190.5	68.35	907.1714285714286	13367.9	1863.3	1393.3000000000002	51.0	545.6	103.36666666666667	3477.1	1313.875	1529.7285714285715	1989.15	7354.0	809.0	2971.5	478.90000000000003	2568.75	3064.633333333333	210.4	53.8	77.9	72.4	68.5	878.7999999999998	66.7	672.8666666666667
64	1050.2	1753.625	4369.5	1547.8	12068.0	5086.8	65.15	3088.1666666666665	1682.85	54.0	610.6	4167.66	481.5666666666666	497.3	84.7	29064.850000000002	2185.983333333333	971.3833333333336	13562.25	355.9	283.8	17916.2	24293.375	6519.2	2884.1	710.9833333333332	7753.7	7112.475	1289.0	4317.32	12753.866666666667	76.93333333333334	1209.0	50.3	4276.25	60.9	4098.2	3834.633333333333	2441.4500000000003	173.21666666666667	54.75	1519.2	87.43333333333334	350.4200000000001	120.7	1704.3333333333333	65.9	4459.849999999999	721.95	163.76666666666668	410.4	6201.75	3618.075	59440.780000000006	11121.733333333335	1466.4499999999998	58.4	1853.8999999999996	1461.3	10480.9	2611.733333333333	1245.7666666666667	83.28	336.525	1391.8	2668.9666666666667	5343.2	695.0	291.53333333333336	110.2	132.3	2423.35	58.7	837.5	4496.7	2803.5	140.63333333333333	66.0	88.85	4111.8	1538.24	129.03333333333333	114.3	257.7	6309.450000000001	2696.8666666666663	438.5666666666666	483.37499999999994	577.3666666666667	144.4	531.6	44.6	107.9	39.0	4227.375	31876.6	247178.0	24845.0	62.1	1150.6666666666667	2129.9666666666667	104.7	2108.4500000000003	205.9	82.1	2221.5	374.3	67.7	888.7285714285712	16139.1	1883.6	1353.025	51.2	606.1	100.53333333333335	3755.4	1207.45	1571.9571428571428	1934.75	7002.8	931.7	3087.7	526.2	2265.2	3315.2333333333336	144.89999999999998	54.8	78.85	72.9	68.5	938.6333333333332	71.63333333333334	721.0333333333333
65	1780.3	2171.6	6921.2	1569.7	11757.8	5435.2	67.4	2792.6000000000004	2555.55	55.35	579.6	3465.1799999999994	467.56666666666666	475.2	91.76666666666667	28287.15	1843.95	861.0	8936.800000000001	316.4	237.6	17011.1	26027.100000000002	7182.4	3290.6	665.9	7231.280000000001	7103.375	1320.1	4002.2	11992.566666666666	79.66666666666667	1783.5	50.8	5067.1	62.0	1599.2	4154.677777777778	2617.7000000000003	147.28333333333333	54.599999999999994	1645.2666666666664	88.73333333333333	314.53999999999996	114.4	1788.1333333333332	66.6	4098.8	720.1750000000001	195.33333333333334	497.1	5866.950000000001	3419.1499999999996	59793.04	10427.566666666668	1488.2	59.2	1710.4428571428573	1425.5	10307.8	2273.9666666666667	1004.8666666666668	83.76000000000002	351.875	1542.775	2537.5333333333333	5317.2	774.1	341.93333333333334	109.3	118.25	2416.1	59.5	628.4	4459.1	2308.766666666667	187.16666666666666	66.7	95.35	3708.05	1254.1	128.93333333333334	173.5	326.43333333333334	4848.95	2371.2	385.73333333333335	690.575	530.2666666666667	152.95	313.4	44.15	107.6	39.8	3942.1000000000004	29753.95	225452.2	20098.1	80.15	994.6	1953.4833333333333	105.2	2528.25	260.8	90.65	1973.3666666666668	234.65	70.0	807.3285714285714	17609.8	1919.6	1274.65	51.4	433.3333333333333	103.66666666666667	3624.433333333333	1085.1000000000001	1535.0	1979.8000000000002	6645.9	1017.9	2549.8	482.2	1897.0	3116.0333333333333	180.64999999999998	55.5	79.8	75.5	70.2	801.5666666666666	69.51666666666667	734.3000000000001
